periodo,inflacion_yoy_avg,PIB_USD_2018,ingresos_mmxn_USD_2018,gasto_mmxn_USD_2018,balance_mmxn_USD_2018,rfsp_sin_ingresos_rec_miles_USD_2018,balance_tradicional_miles_USD_2018,ingresos_totales_miles_USD_2018,gasto_totales_miles_USD_2018,deuda_total_economia_musd_2018,deuda_bruta_publica_musd_2018,activos_fx_publico_musd_2018,posicion_neta_publico_musd_2018,deuda_publica_lp_musd_2018,deuda_publica_cp_musd_2018,deuda_gob_federal_musd_2018,deuda_organismos_empresas_musd_2018,deuda_banca_desarrollo_musd_2018,endeudamiento_neto_total_musd_2018,endeudamiento_neto_lp_musd_2018,endeudamiento_neto_cp_musd_2018,endeudamiento_neto_gf_musd_2018,endeudamiento_neto_oye_musd_2018,endeudamiento_neto_bd_musd_2018,fuente_bancario_musd_2018,fuente_comercio_ext_musd_2018,fuente_capitales_musd_2018,fuente_ofis_musd_2018,fuente_pidiregas_musd_2018,acreedor_eeuu_musd_2018,acreedor_ofis_musd_2018,acreedor_japon_musd_2018,acreedor_otros_musd_2018,moneda_usd_musd_2018,moneda_canasta_musd_2018,CuentaCorriente_2018,Exportaciones_2018,IngresosTurismo_2018,Remesas_2018,Importaciones_2018,BalanzaBienes_2018,BalanzaServicios_2018,BalanzaIngresoPrimario_2018,BalanzaIngresoSecundario_2018,TasaMXN,TasaUSD,tcn_mean
2002-01-01,4.75,887540.289374572,48.58237654811014,49.35989401588487,-0.9894550981780228,-7471.502230184823,-8098.667338562664,97001.81684437601,107896.40619698787,189132.3550277049,115348.30400879818,14218.050890958442,101130.25311783976,108657.17450205912,6692.53964994384,84443.60553257205,19561.50653687757,11344.602082553349,1675.1091129726692,177.67804380381878,1497.4310691688506,942.2576894421564,1047.877415481093,-315.02599195058025,20530.27491856982,28483.4825935979,185113.7289226881,71102.24067203293,8600.463406027704,47828.39113421939,23635.128226881312,11651.731272557092,8481.165290902281,101001.36602892172,5473.047806439535,-5114.721627269095,51720.08601894327,3403.501897081617,3066.2647395123545,53756.798153920805,-2019.2465609496649,-733.8482805547013,-5617.739089426684,3256.1123036619547,6.064491176470589,1.7333,9.1135
2002-04-01,4.77,936267.0836099456,52.73784695630349,48.24023806489588,4.483615172501496,-722.641452091408,-8098.667338562664,97001.81684437601,107896.40619698787,181467.70581575035,109063.1836459881,11785.6796336367,97277.5040123514,103059.46175984398,6003.721886144131,79934.42905553491,18002.770801448736,11124.584646173847,-6510.91116223997,-5869.963831537889,-640.9473307020802,-4705.03751077266,-1616.7095407689449,-189.1641106983655,16575.64511422734,28331.24317700594,173350.9984268202,70756.05208673848,9549.149818907874,46321.98135011144,23531.623610884097,10465.588372956909,7775.176623978455,95006.27545542349,5596.991065286033,-2843.230357147226,58037.14978165676,3001.078822229754,3607.102148736998,60131.81350907596,-2088.3381299265934,-2013.7752816314764,-2529.278619809075,3788.161674219918,6.064491176470589,1.75,9.4677
2002-07-01,5.25,926456.1114366225,48.7682077456753,50.75802839141864,-1.4974017199612253,-5985.907778824937,-8098.667338562664,97001.81684437601,107896.40619698787,180673.07167892117,109788.42040181048,10558.425493256977,99229.9949085535,103917.06187326807,5871.358528542399,80099.02413541476,17577.892764640685,12111.503501755036,1154.5103188619992,1256.2397117125442,-101.729392850545,689.5610691852947,-328.4286828006651,793.3779324773694,17129.782443192318,28340.890361167563,171364.62348605212,70120.91542490303,8622.64457047848,47858.738989469806,23406.249402087567,9344.213519767229,7985.270262331426,96696.77994540922,5588.158371974876,-3773.5557985840687,57568.55069071958,2807.6616603269918,3552.611809372529,59736.56130847128,-2186.833527986969,-1645.8651859282334,-3669.855565048856,3728.99848037999,6.064491176470589,1.74,9.8925
2002-10-01,5.34,926791.6375763416,50.300878772856336,61.72643329941004,-12.095865906336847,-17052.81324965383,-8098.667338562664,97001.81684437601,107896.40619698787,178070.77285592287,109042.34435785124,10085.484049586776,98956.86030826448,105183.15948044077,3859.184877410468,80073.90121460054,17069.64716721763,11898.795976033058,-838.3818016528925,1135.135756198347,-1973.51755785124,-112.06093388429753,-518.5239261707989,-207.7969415977961,18526.854348209366,26414.00723801653,174518.02621129475,70408.71484049587,6310.137352341598,47965.40002644628,24270.046383195597,9342.28486831956,7440.984356749311,96571.76092534437,5527.647670798898,-5571.577291750816,57443.098773884296,3157.002764881542,3471.2907969090907,61778.33510005509,-4342.751878086504,-1960.313561892358,-2922.0961293169617,3653.584277545008,6.064491176470589,1.4433,10.1688
2003-01-01,5.44,915106.7909874772,51.18292771494073,47.18481451727955,3.449025532475912,-2268.0178797590897,-8098.667338562664,97001.81684437601,107896.40619698787,180715.91302844937,112049.21489411016,9897.364549354665,102151.85034475548,106440.7630915288,5608.451802581349,82734.38671914197,17960.575288674783,11354.2528862934,2947.600474913652,1165.6202203235775,1781.9802545900743,2737.947683875659,587.7398949281949,-378.0871038902018,18360.846424013816,24778.7414975459,181473.59355935283,72064.41534611888,12336.375562534084,50205.61275340847,24276.998959098342,8984.943552172332,7129.1534645519,99935.22739992727,5228.3106217051445,-2328.371679755118,53476.51672961097,3489.003131806944,4341.122915455361,53665.375414627335,-187.8246161025286,-971.1700433336164,-5694.399748924782,4525.02272860581,6.064491176470589,1.25,10.8181
2003-04-01,4.74,939689.8830627402,52.78996760391557,48.71035973039924,4.677357750639802,-524.159041191416,-8098.667338562664,97001.81684437601,107896.40619698787,176782.50637718497,109845.78975546248,8644.964413601601,101200.82534186088,104261.75202175892,5584.037733703568,81488.737335579,17509.38942443554,10847.662995447923,-2815.679462490896,-914.464876092498,-1901.2145863983967,-1589.5805383284776,-685.2657148579751,-540.8332093044428,18055.57198579752,23649.485446376544,197172.4533031682,71948.64801101602,11640.601565823014,50726.12244428258,24069.75249007647,7770.1396078841935,6329.929438546976,97881.7581344683,5262.116470138382,-694.2610645746029,55200.586601181705,3113.811197316096,5355.726466153327,57459.07755335942,-2261.536184681652,-1722.3612114201237,-2247.8763247890647,5537.512656316236,6.064491176470589,1.2467,10.4552
2003-07-01,4.07,928074.5458206718,49.21053931249899,51.41452773512667,-2.233777966014973,-5452.361888820843,-8098.667338562664,97001.81684437601,107896.40619698787,172633.6064886138,106316.78992409183,7219.031206217242,99097.7587178746,101617.4217107356,4699.368213356227,78024.59737222124,17014.90692888126,11277.28562298934,-3490.5235754563537,-2644.9177588107723,-845.6058166455813,-3058.394632929695,-934.5094711729624,502.38052864630407,15067.195318362554,23368.86337113682,197172.2404565336,70666.01601915779,11570.136711639256,49759.63411729623,23378.12133209832,7648.981804988253,5711.20888785469,95047.80923667087,4959.135706217243,-113.21534864283754,56559.389970609984,2933.0391185812405,5620.285758904691,58505.02398577174,-1958.5711973650853,-1971.7625310187796,-1970.7945349582228,5787.91291469925,6.064491176470589,1.0167,10.7104
2003-10-01,3.97,937777.0404389076,49.28186157305128,60.5952186781109,-10.64556841702372,-14455.193798139551,-8098.667338562664,97001.81684437601,107896.40619698787,175185.0321327872,107180.92188467772,7321.263905563558,99859.65797911416,104891.72993599209,2289.1919486856323,79152.35839494059,16489.69602709759,11538.86746263954,6.103426809506662,2396.7478922398277,-2390.6444654303205,420.8651864422039,-550.5290982175009,135.76733858480375,14398.797633867483,21666.08012009363,199253.6923085164,71493.10027583723,10522.71471471012,51221.17847074181,23993.791473532598,6755.408424468851,5321.103124234786,95646.80153177892,5046.17765439323,-2364.0598655746644,59579.41052228935,3240.770440970472,5338.186826103741,63059.507178997126,-3482.050999742207,-2123.4463530315747,-2262.867607087036,5504.305094286153,6.064491176470589,0.9967,11.1854
2004-01-01,4.32,945008.7219787744,54.30177894782828,48.29908115910119,5.782593936195901,2443.7236926353653,-8098.667338562664,97001.81684437601,107896.40619698787,174117.26196732724,108780.41890332082,7242.613376807712,101537.8055265131,103829.0380289234,4951.380874397429,79736.80089260844,17976.276416979108,11067.34159373326,2170.457274236743,-507.8477300482056,2678.305004284949,1117.9105752544187,1405.1888462774502,-352.6421472951258,14906.595116497052,22011.21808784145,201175.75484681307,71276.48270969468,18328.515083556504,52306.16429780395,23119.3106322978,5956.854822978039,5007.33020058918,97092.38947214784,4474.466666041778,-1572.1861799048738,58091.8276319925,3936.15176000444,5021.803347130107,58796.41793974825,-694.90717401098,-1296.7038398164218,-4795.862647885538,5215.287481808065,6.064491176470589,1.0033,10.9806
2004-04-01,4.29,975421.7540978708,51.04394865018837,49.60229401843336,1.118707161289317,-2533.28130947808,-8098.667338562664,97001.81684437601,107896.40619698787,170790.45144712136,107877.41611992914,5300.7126690876885,102576.70345084148,102714.55240575732,5162.863714171834,79420.21414915855,17367.100085739592,11090.101885031005,-1550.367045704163,-1804.713713728964,254.34666802480072,-477.3336996457042,-1222.0917029229406,149.05835686448185,11837.92912931798,21242.48391895483,200464.80764614703,69008.68141780337,17974.809805668734,52473.74598148805,22797.65499406555,5618.84617201063,4582.643718069088,97824.58425093004,4504.311349689991,1446.6459383781655,63236.83091255182,3487.903996333199,6630.411529449578,64730.774632876,-1505.277952308032,-2082.343409190016,-1764.548843886234,6798.8161437624485,6.064491176470589,1.01,11.3866
2004-07-01,4.79,959370.3754957912,49.74435636643378,48.111758926965216,2.6838040805977297,-521.0181927802655,-8098.667338562664,97001.81684437601,107896.40619698787,171355.58510526316,105996.69690881886,5858.384268350643,100138.31264046824,101907.5895081852,4089.107400633692,78851.56358237987,16614.203283928888,10530.93004251012,-1267.9176653758143,-227.14316678401693,-1040.7744985917973,-142.67720225312445,-639.9258160535118,-485.314647069178,11203.740566889632,20162.7019916388,199498.39805043128,68179.94533207182,18531.72653837353,53048.736313941205,22650.66885583524,4934.164844833656,4139.230060904771,96244.78969459602,5000.332060376694,-421.4605750596981,63481.08913925893,3205.616145847179,6667.142013454713,66063.61545184827,-2601.2630911960746,-2333.254708659635,-2342.287009613932,6855.344234409944,6.064491176470589,1.4333,11.4501
2004-10-01,5.34,973504.9282539698,53.61122978362009,64.77525629337029,-11.482589713641838,-17822.44417127071,-8098.667338562664,97001.81684437601,107896.40619698787,167925.48003970744,103937.08864733543,4608.344898902821,99328.7437484326,101212.6459532393,2724.442694096133,78825.03959195402,14435.466239811913,10676.582815569487,-1551.070735893417,-227.8786998432602,-1323.1920360501567,395.2783665099269,-2120.1771261755484,173.8280237722048,10437.02812016719,20363.85459169279,199666.083607628,65300.1698147858,13844.582149947752,51185.85904832812,22372.25701880878,4869.939675809823,3841.140157001045,93434.07147361546,4319.593592998956,-4468.245373354577,64996.51521567399,3722.754048775682,6036.390625985167,71844.79228599007,-6870.314705109365,-2414.7177317740857,-1337.9822872543525,6154.769350783227,6.064491176470589,1.95,11.327
2005-01-01,4.4,949512.7993878364,54.250180589221415,50.46970759615252,3.082846760223706,-429.1236397043649,-8098.667338562664,97001.81684437601,107896.40619698787,171491.25564286948,103469.74556948534,4835.677738866747,98634.0678306186,98507.1910082308,4962.554561254548,78925.60702295961,14616.679853231672,9927.458693294057,1353.8748989776468,-902.2351814243632,2256.1100804020098,735.1545922717033,1264.852272569745,-646.1319658638017,9010.603960318836,19445.569943164093,201652.56527768148,65556.81031996186,17588.62583278461,52062.18104825852,21688.8879159591,4649.408988303587,3718.848425749437,93491.77110431468,4080.160199792064,-4473.933947938573,61212.53095228122,4510.610362823241,5857.64041778707,63662.9609791362,-2446.263726168927,-1339.0850192086846,-6746.485420108976,6057.900217548014,6.064491176470589,2.47,11.1796
2005-04-01,4.51,998726.315573403,56.7390177894685,55.72649957734636,1.7331743995914162,-2020.083009806532,-8098.667338562664,97001.81684437601,107896.40619698787,164124.68379036145,97922.32222461274,8003.115871084338,89919.2063535284,94437.31183192771,3485.0103926850265,76635.22165197936,11886.427983562826,9400.67258907057,-5046.84063898451,-3602.348627194493,-1444.4920117900172,-1864.3165458691915,-2766.9781907917386,-415.5459023235801,10168.362850430294,16925.74860309811,189489.06111506023,63362.257668588645,15405.40811927711,46422.63592616179,20994.727402667817,3206.6400175559384,3010.082267814114,87831.75267882961,3880.330035800345,-222.89998242316267,69984.19879509037,3890.760861591659,7434.26605099781,70862.82879165233,-886.6791245796353,-2761.6610923227445,-4214.98264030055,7640.422874779767,6.064491176470589,2.9433,10.977
2005-07-01,3.97,981294.492425256,56.57923285264816,49.97662787966253,7.214938677015169,3207.335933819816,-8098.667338562664,97001.81684437601,107896.40619698787,156937.44294201423,94444.83136775176,11180.186079348932,83264.64528840284,91994.75928814852,2450.072079603255,75073.76938072228,10591.264515513732,8779.797471515767,-2010.5840940996948,-1025.9828502034586,-984.601243896236,-397.97865818921673,-1145.274270854527,-467.3311650559512,11338.432407171922,14694.812753306203,183382.46062945065,61350.65804959308,14377.170608596134,44479.734776958285,20346.46731841302,3024.3057276195323,3007.9574387080365,85697.85819506612,4164.982042217701,89.27128378907172,69203.51520308749,3434.0259542483773,7389.316750484227,71359.47134749238,-2185.6434313818518,-2162.8327443278763,-3130.362286251073,7568.109745749873,6.064491176470589,3.46,10.7147
2005-10-01,3.1,1005202.0457069954,62.38949907836171,74.9742350246235,-13.19812792166254,-17434.512266228234,-8098.667338562664,97001.81684437601,107896.40619698787,155209.73429606922,90697.6202557534,7531.719590122628,83165.90066563078,89703.2611741139,994.3590816395096,73866.53001780616,8855.844485805477,7975.245752141778,-2951.948161935159,-1510.0136066689065,-1441.9345552662523,-641.0566438770369,-1618.5857741474888,-692.3057439106334,12133.888773139592,12575.8964433059,177114.61197833027,60811.675935914674,10638.174298085,41685.258721400976,21293.937793465484,2693.424923987905,2673.051824962204,82859.16531135562,3482.28144154208,-2773.633656675857,74884.19288774735,3363.84516870314,7189.266033853151,79115.2388656988,-4293.910320804211,-2599.1564144947665,-3240.2753785428545,7359.708457165974,6.064491176470589,3.98,10.7124
2006-01-01,3.7,1006201.9623010176,67.0757144829105,60.95911348085696,5.933581727353528,-660.9715821582802,-8098.667338562664,97001.81684437601,107896.40619698787,152042.5516080381,90698.448608623,9896.358335394383,80802.0902732286,87279.0222791611,3419.4263294618986,71585.0097964572,11942.626236046122,7170.8125761196525,-173.72191343582887,-2595.380209642379,2421.658296206551,-2313.900355698529,2912.233873495989,-772.0554312332887,10498.846072860964,12291.07714647393,171992.37331358623,62888.21386188168,17630.634161179813,43859.62183932152,20812.13700050133,2593.6178134191177,2636.167093666444,83028.37435954211,3166.270700534759,-1790.988736596956,74086.59653795203,4129.400992439556,7218.688912957043,73163.76181554646,894.3850701673696,-1802.7979003435776,-8299.910380328476,7417.334473907729,6.064491176470589,4.4567,10.5884
2006-04-01,3.13,1045360.7932662014,62.194628373854535,58.2208903724452,3.70372919601184,2317.2693784657577,-8098.667338562664,97001.81684437601,107896.40619698787,157241.2682459424,91077.63124585956,10804.556143673402,80273.07510218617,88603.02446422658,2474.6067816329914,70138.97708024182,13882.50037909904,7056.1537865187165,910.2460841338192,1838.956589930441,-928.7105057966216,-979.1133865518384,1982.554896240477,-93.1954255548195,12829.279786684336,11852.911111460751,168084.12558860553,61462.320773600535,15312.494981119578,43286.84235789997,20864.42220014906,1700.0991486419348,3749.649953212985,84560.43895652535,3125.8519240642604,-112.90855862679533,79571.32103333472,3752.117648312456,8667.752279695795,79760.84709333886,-243.5711951486801,-2535.900312640673,-6188.804317904894,8855.367267067451,6.064491176470589,4.9067,11.1688
2006-07-01,3.54,1030804.8134863048,61.88163825206503,56.513041958386,6.331139397569995,2493.2321300440367,-8098.667338562664,97001.81684437601,107896.40619698787,147489.9138425759,82724.16380771124,15890.828767678426,66833.33504003282,80700.70145463495,2023.462353076292,63255.69243470058,12533.181458490568,6935.289914520098,-8810.193646267433,-8372.922096964727,-437.2715493027072,-6861.504975307629,-1908.0266190319933,-40.66205192780968,15115.530738063988,11015.461100820346,151114.76892157507,60955.50566136177,15536.117250861362,39746.47599868745,19184.084195242,1480.7660916324855,3185.9768224774407,77049.89187440525,2420.0718504511897,-126.85026661232487,78036.41999431995,3282.039754676193,8239.798922791928,81278.02967222068,-3317.0262307659923,-3069.5786881119425,-2126.448034221756,8386.202686487366,6.064491176470589,5.2467,10.9521
2006-10-01,4.14,1041432.6640155172,67.71978612987544,82.10223801272365,-14.726651950458251,-22214.24824311104,-8098.667338562664,97001.81684437601,107896.40619698787,133584.39622512355,67966.01588228995,9331.345554118616,58634.67032817133,66917.72717891268,1048.2887033772652,52043.74280980231,8950.228635914333,6972.044436573311,-16049.105208731467,-15056.165950329489,-992.939258401977,-12377.674759967049,-3672.050958237232,0.6205094728171334,8264.5656684514,11143.853724217464,143992.3257145799,32183.344317133444,13158.523880560131,36584.8662116145,10245.107803789126,1244.4937986820428,2040.4833504118617,62993.62527281713,1728.6152893739704,-2002.8258318129288,79615.24726970016,4012.55877422814,7716.719572471374,84692.94702384266,-5142.340916454938,-2147.49386504099,-2587.718982967436,7874.727932650436,6.064491176470589,5.2467,10.8906
2007-01-01,4.1,1026106.453829854,68.19474044544893,56.27280017139933,11.425336987927656,5186.081831018907,-8098.667338562664,97001.81684437601,107896.40619698787,135977.93065726297,72108.84205866374,12374.500729258943,59734.34132940479,67301.60230768855,4807.2397509752,50475.89448822173,14485.7485992355,7147.198971206508,1737.1493475824332,-2018.829312538849,3755.978660121282,-2815.079091313988,4327.572690231356,224.6557486650646,9126.578341009314,12270.406955123655,138595.88293191462,30712.333456589517,26267.394114292987,41580.60833484242,10217.043580563535,1216.065991816638,2683.4563851759767,58227.869684363024,2230.089286256161,-5983.551762665348,74068.85040051,4567.759350436483,7270.871804767414,77084.38681767059,-3056.906940417205,-1396.5936588540162,-8936.911262724321,7406.860099330193,6.064491176470589,5.2567,11.0186
2007-04-01,3.97,1065802.2196383402,65.07596925342014,64.01130126742315,0.997019551361578,-1678.14944229343,-8098.667338562664,97001.81684437601,107896.40619698787,134677.2935653411,70286.01057271173,16978.147297840107,53307.863274871626,66756.4409643277,3529.569608384027,50171.89931157473,13461.82344904685,6652.28781209015,-1070.8406744389756,159.4351980099791,-1230.2758724489547,173.4100819818904,-849.6729454922058,-394.5778109286602,9023.400299567827,11808.53391480465,137297.76659116975,30411.53489602237,23641.37197564741,40131.8565832329,10123.405949252532,1059.053163610494,2972.6401019208147,56825.037768776216,2035.593751421616,-2155.277865904341,82215.78693523478,3773.627542280052,8443.012224763394,85020.42219725257,-2869.0226587774773,-2271.616179287706,-5575.44022213298,8560.801194293823,6.064491176470589,5.25,10.8812
2007-07-01,3.99,1053193.277270312,63.949921961817694,61.464959829672416,2.957191017230087,-615.1042512464,-8098.667338562664,97001.81684437601,107896.40619698787,132498.55211408154,68985.55406176813,21376.40586397934,47609.14819778878,66933.6625435825,2051.891518185622,51106.00993175884,11363.29118130798,6516.252948701303,-1952.509060589885,-481.6969907040046,-1470.8120698858802,708.2358612381516,-2504.244721288456,-156.50020053958133,8613.065820745509,11470.160531213483,135882.9897070776,30771.48966211245,21021.623773558596,39108.627274344886,10333.48121973271,1007.9530662838624,2975.9189368035823,55940.73101895268,1940.1919151770476,-870.0848908539525,84854.75168053132,3404.250430232215,8777.193051313006,87746.17741492939,-2973.581495212702,-4174.79965873007,-2588.1992309242114,8866.495494013032,6.064491176470589,5.0733,10.9608
2007-10-01,3.81,1064385.2402598837,78.17745059614775,93.09344758150556,-14.663146656932373,-23549.44803818187,-8098.667338562664,97001.81684437601,107896.40619698787,146843.03881647394,66034.53714695416,24839.671759658824,41194.86538729533,64937.160569244086,1097.3765777100696,50402.97503582915,9373.211201262451,6258.350909862557,-2692.443674194616,-1755.75480712434,-936.6888670702756,-482.301717978238,-1996.965312628173,-213.1766435882046,7443.28857117293,10985.575787014088,132442.1035969303,31563.50407035024,17828.93971319257,36823.730202987,10920.918965064,702.635943332135,2893.333135751715,52856.95194419678,1835.2039647235251,-2323.916799072181,87896.4151130958,3910.263993824059,7829.670158074636,91376.96699327756,-3579.5183198103387,-2292.233009454398,-4373.42769452258,7921.262224715136,6.064491176470589,4.4967,10.8525
2008-01-01,3.89,1034282.0286100692,73.83963709417085,62.31875571089158,11.009099570595437,6439.01418740834,11009.0995869756,116085.54197357009,108918.37613383736,147635.57311748696,70311.62860299634,26116.30075002859,44195.32785296776,66059.0866289681,4252.541974028252,49284.59410395278,15432.42927007139,5594.605228972175,3087.854824622557,-64.20000093998361,3152.054825562541,-1506.3397279374096,5283.164415588687,-688.9698630287211,8894.532483170377,9995.137646343695,134014.1975504027,32121.00708794643,31387.309650733416,38731.246890612536,10674.076259225549,547.3522138964044,3732.68718700504,57458.17473833206,1963.528705219572,-4851.423229403383,82709.57756025606,4701.339545029464,6998.398412242708,84654.26049681735,-2039.5360741155212,-1458.3878656654697,-8474.254228395554,7120.7549387731615,7.5,3.1767,10.8071
2008-04-01,4.92,1091215.4230904642,76.68506226148571,79.31074122611858,-1.724579396694232,-5837.636918562534,-1724.5793966942315,118102.14532798578,122889.2443137997,151960.29625370968,67139.1458787559,28641.659867726128,38497.486011029774,63711.27556621965,3427.870312536246,48571.398520057584,13271.114550125034,5296.632808573288,-1882.509393021792,-1111.285172351932,-771.2242206698595,-30.988767779181668,-1649.1616416620138,-202.3589835805961,10429.234846345496,10413.507464201924,126658.20036026184,30613.05809464084,26417.342036117425,36630.82049927854,10040.59375870884,431.9787628767129,3282.712400307448,54722.43592597117,1865.7335187353171,-2376.053568805195,92503.64802454945,3894.038437687816,8297.134487315854,93511.3957627808,-1110.0927467026231,-2957.533344179775,-6741.410130496985,8432.98265257419,7.5273,2.0867,10.4319
2008-07-01,5.48,1065095.514239427,79.1172640379493,73.1515577284936,6.061568231704703,954.4765835492094,6061.568214793029,126528.74740807542,121136.21321484676,153403.9298721563,64160.1839005122,39657.50045485491,24502.683445657287,61613.060383988006,2547.1235165241865,46483.94292290541,12424.354752102934,5251.886225503858,-1356.1100835690231,-532.8067028844791,-823.3033806845441,-425.0751150273461,-995.3985689547246,64.36360041304755,9236.57821471162,10290.489147678203,121728.08951914684,29891.09852052216,23048.93802527632,35389.76924600545,9953.06784854314,409.9307384595703,3218.983131530972,53654.69049762178,1694.1050333316578,-4194.391467606609,90025.06156829449,3367.9914279030545,7670.331970381924,97399.19582571356,-7505.649300479955,-3432.741649334961,-1047.0655129884744,7791.064995196782,8.0731,1.94,10.3118
2008-10-01,6.18,1058603.659417795,71.01540453908854,84.3067199237543,-13.33710493059768,-27071.42524756613,-13337.10493059768,100671.93583691676,116116.76579634572,152507.4093140632,66857.58145355126,38301.92442989279,28555.657023658478,65360.133761491765,1497.4476920594936,49003.28001359216,11587.04898456229,6267.252455396807,656.0213483522616,1767.1597087348373,-1111.1383603825757,1333.8826771579902,-1503.4360737967347,825.574744991006,9506.379878995427,10171.442509578425,116544.0066621879,32857.66349599249,22155.955654543865,35952.48266164858,12531.686848799618,445.1363758015793,3680.858641157454,56186.28519778784,1668.997215943985,-7672.817583703048,74430.64986283836,3649.2123028225,7570.616597894343,84200.43047383506,-9853.70884486255,-2921.511464635466,-2481.203816925134,7583.606542720103,8.25,0.5067,13.0121
2009-01-01,6.18,963313.5376216824,53.41487091991892,57.300243871614285,-3.152143980801509,-7111.297809413556,-3152.144004645841,70158.19838573251,77380.05455539428,182853.3553064274,100994.3500020404,1744.1663627531457,99250.18363928724,99034.17279704552,1960.1772049948756,46859.57369952584,47628.085179860405,6506.69112265414,40442.148141125945,39987.18934476789,454.9587963580602,-1991.6270594208745,42149.07125521673,284.7039453300959,39549.1378009772,41722.96119750507,178433.11373661386,39530.220595307415,3579.9629404692582,42229.94230945501,13705.988437892873,2887.238515349228,6940.0133650273965,84014.38442538686,1552.747887882122,-1757.8110026930517,58720.01137552912,4329.943926563974,6772.472537121065,61429.91645795383,-2759.9520657651965,-1638.9320190462147,-4204.040506792508,6845.113588910867,7.6222,0.1833,14.3797
2009-04-01,5.96,978399.5773577451,60.82094688395684,65.82050843328419,-4.965717504984895,-14022.953799079813,-4965.717495279806,80210.05685671265,85586.10754510306,182105.8528701635,101239.05819856022,1971.9191017156345,99267.1390968446,99844.4726013667,1394.5855971935346,47256.55261490255,47770.02543640255,6212.480147255124,-189.46512034734224,372.3442402356832,-561.8093605830253,200.75540684848735,-81.03132707592725,-309.18920011990235,36287.333636133706,39581.39232999386,181638.2468375744,41713.609978595545,3215.967545560567,41892.96088395228,14017.596334078038,2822.689232437344,6482.976594678394,82818.60295048874,1635.5626497023516,-304.050020474235,63522.21081744158,2906.69434100481,6893.118507809758,62992.99980698759,466.16281408279815,-2591.05569056078,-5183.091278023781,7003.934134027529,5.6786,0.18,13.3299
2009-07-01,5.14,1002545.5513823696,59.125912012829644,61.61620624504781,-2.415646481466,-8475.981272872572,-2415.6464207888475,79585.6273204943,88578.91763391483,182557.5127653893,106220.78809857716,4713.362800449514,101507.42529812764,104840.0813319619,1380.706766615276,49864.84112791628,50038.46433334572,6317.48263731518,5181.993870040495,5188.640292276545,-6.646422236050228,2798.959988669292,2275.8748983022515,107.15898306895016,36162.13395125938,39244.79122589903,187496.97052576343,42701.39720424066,2727.481798657033,43675.38957156921,14664.572738502118,2905.1861405472177,6307.8045137083,88247.81293720745,399.1351458596479,-4959.707404506323,68237.63123587609,2874.101109428763,6520.146039096061,71486.4385720661,-3344.769066065022,-3972.186445274995,-4273.412597137062,6630.660703970757,4.5435,0.1567,13.2598
2009-10-01,3.98,1037440.3844469936,71.31593453709273,83.65750511513689,-13.398700519165931,-25916.297864769247,-13398.7004642954,84082.96648034417,106266.52380731236,189514.34815278996,111479.3618078146,5358.902751232549,106120.45905658204,109449.90213426716,2029.459673547436,56353.97975441184,47553.29110906326,7572.090944339492,6428.762713680137,5768.242488135282,660.5202255448555,6966.874391558772,-1856.1439794037688,1318.032301525135,30766.08106782473,40946.23768465189,201303.2862963646,49728.298942312125,1571.1796571902505,41723.15015873381,19835.04404045524,4555.264025249966,6031.339876975534,90151.23430078792,424.033390545086,-1256.2543862968462,78102.68822186794,3371.528234347351,5718.7079417924615,78164.23958988159,-137.787749338497,-3353.9307225288444,-3611.568032978201,5847.032118548696,4.5,0.12,13.0731
2010-01-01,4.75,1006685.2552002068,66.48868967216288,66.25831970377763,1.0229009006993184,-2832.597371426362,1022.9008996150446,93225.083353142,96487.09850805505,195908.64451153303,111787.29707094682,2232.67324335017,109554.62382759665,109622.54662701148,2164.750443935337,55673.59252716515,48791.441942918646,7322.262600863028,1370.3540296907631,1228.0395928215885,142.31443686917476,-231.02992998242652,1849.8566493692892,-248.47268969609976,27080.866332680074,42517.131104455904,204732.1395974219,59902.59539549347,1917.5484188541404,43979.550561244665,19908.773186305625,5197.018274954686,4356.415874713626,92500.91851601386,436.1845078068213,546.8384471260016,76929.05765773273,4188.344795795342,5778.925805183751,76499.50139861711,375.358858894525,-1415.747662471696,-4318.614320923334,5905.841571626506,4.5,0.1333,12.7844
2010-04-01,3.96,1048709.9371856847,61.98295595019618,72.33331812149245,-10.402568578091808,-11350.862681019693,-10402.56859125242,89205.1564146196,99917.04050275784,199179.9294200573,111183.32351938666,1329.468568796672,109853.85495059,109011.91596821256,2171.407551174121,57367.63763399459,46393.77304430796,7421.912841084107,7.164454694949471,1.8488915341805088,5.315563160768962,1935.55832484522,-1997.958414123812,69.56454397354165,28391.92506603855,43483.155546624286,200251.01539695228,60347.24189704737,1870.847121148902,37194.72877171372,20408.989200051543,6185.81329476355,6131.270994505225,93592.50724030974,431.831728952035,572.885351208191,86252.4436718866,3281.522174664649,6959.973436522344,86348.84025424994,-57.48054019552933,-3149.0903103440264,-3364.442832591823,7143.89903433957,4.5,0.1933,12.556
2010-07-01,3.67,1049761.565070304,61.95203121473922,68.4568168556676,-6.758383028740635,-9774.234709182474,-6758.382964833667,88421.67840886133,95693.32253899035,212196.9228422017,116090.96971633656,1037.9986305507928,115052.97108578576,114117.8620963807,1973.107619955858,59011.6450886582,49685.55749262392,7393.767135054442,3638.813714069834,3831.8038024450784,-192.9900883752445,1149.87527282683,2548.3909102589005,-59.45246901589622,27747.82686168464,41885.30138336777,212727.61678074283,60728.2775225106,1517.8814473166997,36464.987522158815,20244.94831547117,6186.167662659853,5607.08217957091,95690.01627868028,9.332655019937198,22.157715135914792,87093.04754088692,2973.8888793151195,6607.50270416134,89686.76750223155,-2560.291911940325,-4016.14484356316,-190.29846194966296,6788.892932589061,4.5,0.1867,12.8006
2010-10-01,4.25,1074485.874898828,79.57861976445784,97.22450104838892,-17.867380790429085,-25866.34055656041,-17867.380812564494,102317.62378799016,128755.65848277997,217319.54882976256,126210.93216628207,6570.562066964347,119640.37009931772,123537.51608132035,2673.416084961698,65360.45729156711,52091.439839735285,8759.035034979677,11034.82748009777,10319.356371899736,715.4711081980347,6848.978619611378,2788.394349314289,1397.4545111721038,29859.03234630108,46155.54407689612,217872.26740472196,64360.6264202386,1275.8472812802972,39234.78976144635,24154.133174001705,9001.335154688917,6409.066751327954,103870.74683658098,10.7434958739002,-5420.123666737567,93314.44152025729,3365.9633205567534,5978.364643162098,94509.9103085244,-1138.275262236879,-3707.9588668680426,-6734.825514031081,6160.935976398437,4.5,0.1867,12.392
2011-01-01,3.46,1044074.0641966196,72.48184469194348,73.03790329818479,0.1182275254778958,-2760.250987780066,118.22756476527518,103384.77180059494,104956.21179665436,217298.46627637805,124603.18550375226,1759.3863764034402,122843.79912734884,121772.31269487532,2830.8728088769326,64460.96303452324,51597.24539159714,8544.977077631876,-815.1212881550325,-1000.0163084288224,184.89502027379,-434.36194059426754,-267.1082800530226,-113.65106750774248,34302.49314354084,50661.46172629708,213797.90031150027,72066.99004895434,1799.5317783589112,38322.34836413559,24115.173326192595,8712.796166369679,6073.2642592072725,102011.61499599928,9.72536498076204,-2398.2473186297034,92505.40659165314,3805.543154937848,5952.286489606768,90347.15133340964,2257.052709095596,-2918.9432975026016,-7830.507395863658,6094.150665640959,4.5,0.1567,12.0721
2011-04-01,3.3,1074816.4171026424,71.46897567997333,83.45094093345801,-12.077246831125237,-12035.920283972417,-12077.246846091515,109806.01365001296,120971.8190814381,220467.26557016792,124258.6676004334,4472.907265865623,119785.76033456778,121655.74261375528,2602.924986678145,65567.67929627952,50913.96860406261,7777.019700091285,475.5461990782315,672.339359289303,-196.7931602110716,1546.5035220905288,-371.6707184895465,-699.286604522751,30196.56866284204,48215.66602325943,220666.9659020639,71804.12163194573,1633.7186726386174,36840.23866299047,24191.134661832697,8567.994026985103,4938.278364046578,101851.86546737814,12.523201104340918,-1913.615733880233,99830.7247964324,3221.3040908044677,7006.647334941793,98445.2293873973,1459.1352687000822,-4061.9345638104287,-6577.44298996801,7266.626551198124,4.5,0.0933,11.7296
2011-07-01,3.37,1088704.2922379174,70.84444318833586,76.07530085304442,-4.843251301873125,-6886.634571140407,-4843.251307932148,106687.78434317176,114090.02680526164,221912.88334495903,126052.83920052856,2329.1111831918106,123723.72801733676,122375.2075245024,3677.63167602618,66328.67844942768,50981.7176153742,8742.443135726697,3222.718469159326,2131.8154920085303,1090.9029771507956,1408.175777837422,773.2969067155487,1041.245784606355,30453.52308943546,46134.42021160659,228124.03164999757,71861.51172610745,1322.9698121068052,37914.98840138152,23913.659722341028,8964.067518559266,4983.715820869551,104268.99535170436,10.997901704473398,-4739.046586998613,97855.86891551444,2856.882089499365,7050.901170364077,102167.3052231728,-4279.710972774104,-5411.192880071416,-2331.47409126021,7283.331357107117,4.5,0.0833,12.2842
2011-10-01,3.5,1115996.634711697,78.22563064360364,92.079626257362,-14.154740555911587,-21224.75242807983,-14154.74056248309,105416.83500895336,127602.50040598736,222672.7415645343,128753.12641079248,3084.009203807723,125669.11720698477,125690.4617446142,3062.664666178272,67850.74613333198,52464.98408665154,8437.396190808966,3718.705066271057,4318.121615243224,-599.4165489721674,2032.4865935443715,1929.9664568474711,-243.74798412078545,32236.00268035153,45257.829536205376,230058.9469254576,73803.21788892773,1081.3828442527404,38375.709162406674,25909.614439133107,8726.266306291494,5034.546044070107,107328.9614907024,15.040710453914164,-2704.566834155964,99824.41117500245,3374.2025766654256,6271.177590921497,100572.10590442378,-722.6775643844516,-4081.520569746209,-4415.3949980605685,6515.026298035266,4.5,0.0733,13.6317
2012-01-01,3.88,1095646.9232158328,72.87734699464036,77.8091882542602,-4.190406935042807,-6400.251922623742,-4190.406914914348,108438.55054063605,113514.52200721973,226025.73148414984,133158.19923836968,5434.590888247505,127723.6083501222,130148.6475810902,3009.551657279504,70756.026517348,54355.14670821545,8047.02601280625,5139.640309250808,5176.371663980449,-36.73135472964095,3372.57621405359,2102.375174750138,-335.3110795529199,30357.364942888675,44997.11925908569,242703.1961949143,76939.6511093787,1813.8030944789464,42518.192711298754,25568.212141192853,8079.468377013568,4685.007313884534,111953.650044235,14.076686842497132,-5147.501393227836,98546.67037619892,3961.528965168642,6128.046960952346,96673.5032539264,1994.079186820752,-2759.460873963037,-10507.651877930895,6125.532171845346,4.5,0.1033,13.0034
2012-04-01,3.87,1118425.4682881895,69.93171936217246,76.97328500387462,-7.542603845443887,-11329.619335643762,-7542.6038923655715,103023.5690242868,113455.10268024824,229240.99924390757,134030.8658521555,3269.666490245096,130761.19936191042,131141.45694359462,2889.4089085608894,71726.78595328833,54299.57549757875,8004.504401288415,1588.741417039614,1703.4222750078668,-114.68085796825284,1281.5723056012023,328.8981161060802,-21.72900466766896,26800.751893508965,42751.487456295225,250378.82134518892,77236.51528836404,1600.1546316125307,41583.93755397538,25957.16169714345,9256.885215770428,4193.03944617321,112025.09073109333,13.608063529247229,-1084.4451631395514,103496.56723890553,3332.9875665769728,7353.866690895816,101995.9720533766,1564.1759135897498,-3416.108655187146,-6704.075293409712,7471.562871867556,4.5,0.1533,13.5419
2012-07-01,4.59,1116185.480708145,72.33776086182895,74.86625113392071,-2.7612913323971062,-7285.516653181567,-2761.291393523788,100867.45939097118,108704.53394545808,229193.8296259153,135106.9810247084,2582.7608126922523,132524.22021201614,132431.5768733603,2675.404151348106,72088.09789158592,55188.66377996093,7830.219353161534,484.7387896415348,686.4128499701967,-201.674060328662,-288.0901934380724,952.5439501655492,-179.71496708594202,25230.233391344453,43803.9118012017,256656.6800794897,77926.26696520638,1352.1775973390302,43071.50502956392,25949.09325968822,9251.660956052228,3994.1514873325473,112784.19712823212,13.983900174468438,-3565.3890210356835,99672.63449649104,3008.229999486036,6149.0342225521335,100963.31789281286,-1234.460915911852,-5080.6454070097525,-3507.879890710615,6257.597192596536,4.5,0.1433,13.1721
2012-10-01,4.11,1146959.8508046337,76.94366578792533,96.23454075752883,-19.057057477929792,-24553.867142370964,-19057.05739744088,108562.90838010445,134234.6733139209,231608.8901794822,136447.36440294597,4413.816004858034,132033.5483980879,133056.3121558893,3391.0522470566543,73213.23693034802,54333.23935756396,8900.888115033973,2740.8636145239648,2008.1940337814867,732.6695807424783,2001.3567972851488,-456.24987667625214,1195.756693915068,26314.352723135307,40458.9671206066,260407.98146743735,79241.4004412858,1088.8570439326445,43550.4832925856,27467.67513974771,8569.227881179875,3838.8369737850594,114861.66614619052,19.10085116437212,-9510.05226610379,103772.03428701949,3631.8809216582895,5843.70932288221,105802.49383571504,-1972.3253484838815,-4992.053341603576,-8394.424973371191,5848.7513973548575,4.5,0.16,12.9442
2013-01-01,3.69,1092633.9566782592,76.046254873813,74.1364973073368,3.4301676445326765,-1238.0046007320568,3430.1677128417164,107000.26837439276,107541.6361277244,229620.50458926556,136632.67743026954,2579.5332177736195,134053.1442124959,133582.93932239723,3049.738107872314,72642.33179712095,55612.26732929352,8378.078303855082,1675.7669910804734,2004.3699487586416,-328.6029576781681,357.46380955319137,2008.909858042353,-690.606676515071,25988.17022921575,38737.7488009723,263765.5946843727,81937.1474970512,1806.8838949171895,44256.76518687095,27465.47832875112,7837.82909909341,3634.5216608456326,116326.41985577514,17.078706353010052,-8980.995054396324,95368.4496561577,4198.6376605352825,5671.165277751204,96577.7171878596,-1100.1933239946254,-3031.839589024574,-10450.602978124874,5601.64083674775,4.3667,0.1433,12.6593
2013-04-01,4.46,1137725.5302060854,79.72958446193559,90.0079237299303,-10.038868077407736,-13715.002787308244,-10038.868103399456,112554.03205327711,124756.76684563947,233524.645125299,135404.2515693077,2643.1754129586934,132761.076156349,132385.69027623953,3018.561293068155,73367.00062574071,53633.54167596803,8403.709267598959,-1191.842053481006,-1156.3486638367558,-35.49338964425004,701.2108685815252,-2040.32884677541,147.27592471287898,23025.687262384454,36870.598089379215,265461.87847723503,83129.08952810877,1479.36015191019,42955.44197073845,27745.225969531773,7390.308066323343,3164.7551022431,111734.70556185224,18.93702191385292,-10012.90677638875,104600.1955411946,3556.968272857498,6811.3824994992965,105572.56941396496,-888.4723020801182,-4445.079467572029,-11430.9487896613,6751.593782924696,4.0,0.1167,12.4816
2013-07-01,3.44,1127815.9636963138,73.47986038637079,83.42189859363684,-9.398756262120145,-11414.878606005535,-9398.756274868005,107092.18293042223,117682.69689234984,243108.76696163745,139398.969100943,2056.475845049293,137342.49325589373,136000.13879211317,3398.830308829833,74078.11953064725,56489.74580925847,8831.103761037293,4008.874014787827,3613.228167381055,395.6458474067725,782.25082126018,2811.711675096443,414.9115184312045,21934.1279054865,34856.9803555508,274377.1662931848,82662.75185790828,1192.4266440205747,43057.37555679383,27505.566232747537,8448.911594513504,2785.988237248179,115007.12277175311,17.866488212601805,-6022.965271648744,103654.95097076512,3321.65300367616,6307.043411504493,104701.73021813546,-984.3319705761338,-4804.125423866213,-6487.210132332656,6252.702255126258,3.9321,0.0833,12.9177
2013-10-01,3.65,1157192.714370902,91.20702659453283,104.57157843543474,-15.291453759607368,-27188.77539790299,-15291.453803225088,107112.62244912155,134205.33104890285,258113.21308698505,144159.56118275327,3738.354577871792,140421.20660488147,140377.24110155614,3782.320081197116,77401.16137129742,57217.45665812084,9540.943153335002,5118.335217612257,4723.074619424103,395.26059818815406,3438.5312917800725,897.754131316122,782.0497945160627,22111.431184589623,33824.270202195614,289913.4616421917,84551.1317742794,1001.8773111426812,46518.50504037079,29328.31493897404,7588.01694221111,2573.0542738808344,119722.46210518896,17.90790013494892,-9244.27368865882,105964.41328497922,3958.45851741344,6100.496040083953,104039.82444924251,1977.5768249152015,-3884.104948223012,-13369.025078247649,6031.279512896638,3.5652,0.0867,13.0299
2014-01-01,4.16,1119759.4158983226,77.62956240260606,82.39740405403514,-3.9824234235313214,-8021.575763383075,-3982.423505910292,110089.76395146624,116244.36466866308,260518.6219405316,152181.18898506495,3912.689506665365,148268.4994783996,147743.53942093448,4437.649564130532,78769.69180569644,63496.93485979603,9914.562319572531,8602.69502209056,7924.808110694717,677.8869113958433,1509.1269536671175,6682.104247499162,411.463820924281,24798.76783032921,32697.253339685343,305402.9199922757,86942.48652900208,1413.2146410973553,44383.102933949005,28986.299397125043,8018.37590006833,3061.414447990629,126011.08822346057,17.47735473493449,-9622.354432609884,96721.28390443976,4715.765923546581,6050.562665346745,98112.28845102304,-1278.8669932053383,-2937.3324132048056,-11478.381225484609,6072.226199284868,3.5,0.0733,13.234
2014-04-01,3.59,1159896.8445777667,77.30756179292206,93.3409074015454,-14.980573278701192,-17016.605197626763,-14980.57322079834,108934.78893552769,126164.10238317262,273161.38135409093,156463.8607181506,2852.9464578668963,153610.91426028367,152425.34025572144,4038.5204624291287,81534.50236597212,65359.1132581264,9570.24509405207,5031.799112531786,5408.863377037138,-377.0642645053524,3124.9585193571224,2220.195095811105,-313.35450263644134,28098.125109376782,32286.11439748838,319181.454700352,86719.4805232636,1237.517071643375,44627.78713596776,29014.86724022927,8204.036423558682,4028.9798990876943,126239.3560524868,24.593452169030577,-8411.459103381107,107988.62834216814,4234.718836970245,6770.435222440017,106921.67640188037,1147.5119408923945,-3755.762783882688,-12539.506147204323,6736.29788681351,3.3626,0.0933,12.9984
2014-07-01,4.15,1156676.6153282518,75.99259842176242,89.10885982168135,-13.922871953577388,-16765.56839295062,-13922.871937453116,106268.74615415146,123022.45215852426,270215.3255022564,154845.8841309734,2563.457555285746,152282.42657568766,150601.43960101626,4244.44452995712,81274.63114712221,63920.962431309534,9650.290552541635,890.0835547102544,675.2285080042392,214.8550467060153,1100.3919641090067,-457.2013887582728,246.89297935952052,30910.68380855798,30904.656870732077,316736.624165924,87478.99356376374,1062.3270936295946,40462.95731961513,29070.141585127072,8475.143412241117,3997.974493602926,125918.06286713878,23.0503937903107,-2778.305023910463,106921.29652578694,3782.099030283037,6475.096683695094,108740.61546921052,-1755.383701379084,-4311.01904526271,-3179.812060708805,6467.909783440135,3.0,0.09,13.1151
2014-10-01,4.18,1192089.429344613,86.3764847317037,96.05820736532966,-10.504138531754226,-22710.88493305126,-10504.138615183128,101039.96959317788,123799.16981096672,274043.1817378794,156524.41817354172,2171.285552827282,154353.13262071443,151440.0653700408,5084.352803500948,83287.09639548874,63136.34959559006,10100.972182462909,2877.7695505617985,2047.6906028860296,830.0789476757687,2619.873741636355,-489.0798447932571,746.9756537187003,32028.899883489416,29973.04734994689,322295.0317917022,88403.99092251626,755.8795780712434,43007.014613777246,29876.906166759312,7707.406518120354,3464.050569536984,129241.41596905718,22.57780817966272,-5575.949477131308,109352.11064796004,4464.260557484868,6586.343064619655,110466.49614017647,-1078.5639837748372,-3595.3298754321936,-7500.223823357913,6598.168205433635,3.0,0.1,13.8488
2015-01-01,3.07,1152070.6467860765,77.6064511390493,84.48269589069473,-6.888724436347348,-9022.645864657496,-6888.724392069476,103229.0770460662,110404.10538960206,280928.76137345715,169586.1294370207,3904.8423445433496,165681.28709247737,164681.92484544625,4904.20459157443,87255.5159134074,71851.87307131781,10478.74045229547,13411.853177327866,12822.392686792293,589.460490535574,4003.210230927748,8991.059532833378,417.5834135667396,38048.42106031314,28379.775359988103,347039.1292324361,91156.73080877824,1530.1434127169596,45006.61540098999,30255.273271865903,9209.2399315927,3530.3615623207497,141226.94518557074,21.33793630898005,-10300.988460002009,96513.7872219477,5188.101022460773,6262.695410947701,98804.92039380725,-2258.2180394750058,-2687.136092260092,-11557.319129598303,6201.684801331394,3.0,0.11,14.9392
2015-04-01,2.94,1187068.072581389,66.3824237250972,84.75664393228674,-17.633893320271152,-9022.645864657496,-17633.89329190812,93120.92676734312,109338.849138561,286049.01957819884,172044.80254705437,4001.845297729575,168042.95724932477,166373.87038888418,5670.932158170156,87708.2839099426,73187.51433511986,11149.0043019919,3132.2797605081028,2334.98374514686,797.2960153612424,715.9133279878461,1580.1805131667793,836.1859193534774,37428.406564821074,27206.825804355165,360609.65482866304,89900.10618290007,1325.7536480840647,46614.47740209318,29972.671537601287,8527.061810221134,3375.897987424038,139573.11028506924,22.041144496961515,-8052.356467611665,103824.41483620442,4722.964489726704,6880.953582568582,105957.3607615948,-2102.1675567704,-2605.240565505645,-10128.709433827882,6783.761088492262,3.0,0.1233,15.318
2015-07-01,2.61,1195836.2373250844,63.44914014227293,70.3764693513084,-5.623003929775327,-9022.645864657496,-5623.003956125789,86438.32505620555,96569.4171291075,285651.90177860466,172462.8283069517,4422.256439847807,168040.57186710392,167768.8390412226,4693.989265729121,87373.50489815224,75022.22394925481,10067.099459544685,1237.049438103046,2194.237290576192,-957.1878524731457,-108.9464942927414,2121.9229993063004,-775.9270669105128,37943.25584515777,26741.613774988964,359914.45618044614,89352.06613461985,1180.675961405058,47029.62571945093,29720.32916545795,8597.060764751635,3521.0197908389573,140440.79331294278,20.69138845094701,-8150.07354561439,101231.47258011183,4101.279298152392,7068.496009001796,108279.29519372518,-7034.039456913141,-4282.640054791735,-3815.004987796669,6981.610953887155,3.0,0.1367,16.4259
2015-10-01,2.27,1218522.2891173386,77.7467405825576,87.59261482905323,-12.532374408295595,-9022.645864657496,-12532.37438938652,90595.908131745,106318.92353981898,286877.5126130501,171254.78519006717,633.4577883172088,170621.32740174994,167926.7035465466,3328.081643520563,87193.66976479691,73503.59119628149,10557.52422898876,-551.636157326236,784.3263182347574,-1335.9624755609937,188.981573514634,-1266.0709662499949,525.4532354091248,32972.85037378541,27452.47690119704,362944.0740208631,90296.3460119746,1022.400870343975,47921.39841509101,30243.914221714876,7870.079562053002,2815.086411281676,139045.6737563962,20.48180182225642,-6927.339728042897,101589.727536525,4781.520740960036,6669.626300553892,105666.421148175,-4063.617236488669,-2281.932786982833,-7168.254841068353,6586.465136496959,3.0408,0.16,16.7501
2016-01-01,2.69,1171167.0068816426,61.91736303330213,64.9273070806878,-3.6000705191518407,-9022.645864657496,-3600.0705520750207,82698.54864203885,86396.03443935492,305922.74528228724,185999.86960626475,2263.060530973203,183736.8090752916,182012.0996070501,3987.769999214661,93323.09333941503,81783.30167193031,10893.47459491942,13383.031334388868,12727.629059430516,655.402274958349,5191.770600068998,7851.727705352084,339.5330289677843,32812.264861345626,26330.81808901816,392392.00419314846,90056.54051156412,1409.896641133805,54610.30644945504,30059.765461919484,8420.397990023392,3437.5870449943063,146715.2431749847,19.543749333864373,-10711.681792026178,89952.45684112525,5573.705085216895,6692.841584872889,94167.78474981348,-4200.379637485234,-2387.986821988147,-10857.341386447615,6734.02605389482,3.4918,0.36,18.0652
2016-04-01,2.56,1213931.3812523626,74.20556736017471,78.53176389582055,-3.190004653097686,-9022.645864657496,-3190.004624113885,96986.05896891945,96092.3978936966,305748.19415182306,188546.86121560275,4735.135325228759,183811.725890374,185196.496990001,3350.364225601757,94624.83736607348,84108.73073565852,9813.29311387076,4596.899263743251,5203.92221152495,-607.0229477816997,2161.680821986419,3247.866220952153,-812.6477791953209,34758.66639270366,26397.009129959333,406637.462225382,88690.43346497008,947.2157116800762,54850.79059248356,29861.399765641632,10364.350893469547,4221.806872494856,148093.5817547592,19.179074489649697,-7846.394577291329,98251.36139966275,5070.408447961206,7454.578228022816,101470.26931420926,-3200.749281055714,-3545.373041031351,-8619.059847845874,7518.78759264161,3.7555,0.3733,18.0797
2016-07-01,2.78,1206374.8025603816,64.71965107242188,72.33848202894885,-7.499264932776679,-9022.645864657496,-7499.26488600263,84593.32397089947,93351.88693782124,304874.4472834716,191142.67701219968,2593.259061998665,188549.41795020105,187581.26372596016,3561.413286239544,92221.25563961754,88198.15061164665,10723.270760935524,3116.0018138820933,2892.66991349668,223.3319003854136,-2207.1244678743515,4306.131249393895,1016.9950323625492,41697.52685177232,25136.63155258499,414194.78635792487,89363.85964309762,706.0001430408051,52072.44159238705,29717.64888871495,10855.91321205228,5268.963077877927,151371.43998160213,18.36748339618355,-5145.644779520968,99059.68469106096,4631.080896842311,7374.579009032172,104528.66861951632,-5461.095711108437,-2442.528378980588,-4684.101039005127,7442.0803495731825,4.2609,0.3967,18.7418
2016-10-01,3.24,1246279.4718660722,70.32757232581108,82.84635533423983,-13.211453862530536,-9022.645864657496,-13211.453883456425,83633.52079600055,102168.0858123062,299614.22116900515,187686.85513983955,3415.4390803877736,184271.4160594518,184479.13199927317,3207.7231405664065,91420.93912547288,85749.24657394509,10516.669440421583,594.8370598179526,928.7588402596904,-333.92178044173767,1438.9747283880597,-890.8037558989214,46.66608732881427,30721.21861030501,23870.429585602506,414576.33470837167,88604.07039188937,599.6073709671203,64532.76922594039,29660.550296529207,8358.62215750464,4723.022847341149,149523.12151750264,18.770137347811964,-2826.2102005764946,103844.12667513327,5286.788088308744,7379.887764334951,104706.81152085616,-848.8046122617931,-2698.295779685874,-6706.241767041591,7427.131958412763,5.087,0.45,19.8228
2017-01-01,4.98,1211131.309590778,74.76306418733095,60.19466900488455,15.635904243294776,-9022.645864657496,15635.904234643818,100733.9429586726,87723.30208896466,302467.8075361305,192825.06030770348,6728.976151444398,186096.08415625908,189420.4109210872,3404.6493866162878,93209.15072144696,88791.61247853773,10824.297107718765,5690.857753692333,5475.016452066668,215.84130162566507,1976.4513845903575,3588.773550407647,125.63281869432797,29084.82134949885,22541.719983089915,432094.3081768547,89866.59690013617,1104.4360495874323,64339.86174041307,30196.36286178293,8457.663141134302,5139.103128639702,150391.54601649175,17.609190161254165,-13710.752883954505,97530.78993260436,5972.285936059445,7275.722871103085,100387.32289702412,-2824.1309547210208,-4016.417214034312,-14128.95344429507,7258.748729095902,6.0389,0.7,20.3552
2017-04-01,6.1,1232138.987773619,65.22118746649856,74.48671140474552,-9.262484237777567,-9022.645864657496,-9262.484231130493,90597.86134667986,96178.76189536104,305595.35334855807,193828.61248361465,1155.2099313862034,192673.4025522284,190943.21056078977,2885.4019228248403,92029.94164365884,91187.73178539245,10610.93905456333,-1002.5671090037688,-482.82035597247256,-519.7467530312961,-2213.4237835900376,1548.2343413075537,-337.37766672128464,26528.17050876618,22077.151066074064,437106.5050040964,90433.77498750616,1002.3613909143044,62725.91409470752,30178.12371108471,8312.450840979845,5223.696586719646,149453.36912338197,18.308909962313617,-2790.0093174051617,105594.25496357736,5459.03150837373,8036.456826163266,105909.37907597084,-313.04821012412134,-4006.120082397278,-6530.194537723548,8059.353512839786,6.6456,0.95,18.5692
2017-07-01,6.48,1220755.1226470617,64.11353232689471,68.67077387617084,-4.516902758950622,-9022.645864657496,-4516.902816964757,92080.66829717078,96749.43281727162,314673.5238528744,198315.0349500789,1944.1024614023568,196370.9324886765,195793.2604235039,2521.774526574992,92782.75319319818,95145.95709617714,10386.324660703584,4244.553754785211,4599.878890034938,-355.3251352497279,555.2531067688055,3834.460844439371,-145.16019642296578,27997.184259459325,21158.17351021457,449090.84204380994,91638.87446623752,894.1990943262383,67458.44109777526,30766.89813422644,8208.921714359098,5335.302621418991,153038.36172361355,18.63128049998573,-5244.476144488717,104266.97314741302,4945.282219394697,8079.535705903199,110464.1598284581,-6225.985233531908,-3619.846510141997,-3493.731035641369,8095.086634826556,7.0,1.1533,17.8221
2017-10-01,6.59,1264276.839563015,63.047473742903136,77.8629885720632,-16.171727194557928,-9022.645864657496,-16171.72716936396,89174.71836695567,105694.35223413134,311358.36962188984,197010.6401895607,1662.7684544602714,195347.87173510043,193707.3452969807,3303.2948925800347,92494.49135004684,93213.3451932346,11302.803646279232,-202.00625799666992,-998.148568924722,796.142310928052,47.937131108309806,-1467.4652698812888,1217.521880776309,28440.328017499985,20327.6795094477,448346.84670136106,91527.72535212312,861.8527427650783,66182.49070438107,30432.35956317454,7948.423209318944,5426.44261677329,151015.77538488506,18.992041350114263,-256.9017978234046,111930.59811105952,5482.815846088102,8299.614311399482,113786.11141041105,-1883.0609648633288,-360.4509714478546,-6315.942230536775,8302.552369024555,7.0489,1.2033,18.9466
2018-01-01,5.31,1224762.3769404555,67.64883320187103,73.9533242813562,-4.9383936034562215,-9022.645864657496,-4938.3936077534045,98427.85473655096,101579.94005584109,318424.20535111934,204051.323083433,4497.74490938747,199553.57817404557,200689.2187302213,3362.104353211714,97090.31835132655,95635.31665612692,11325.68807597949,7076.7044448603865,6996.939694905509,79.76474995487756,4517.988236080564,2681.0825865515094,-122.36637777168716,30173.534497135555,20262.462176037647,464631.1791831837,90920.13223265792,1470.209368486493,76060.12045697325,30394.901820873965,8500.585802009451,5564.094874693334,156806.41997379554,18.027639194347323,-12187.713480626704,106047.42239131642,6272.003337394664,7384.421076505574,107788.11382547376,-1778.318800232851,-3119.607937388836,-14621.308086101795,7331.521343096778,7.3944,1.4467,18.7496
2018-04-01,4.57,1267756.3392830463,64.13982790640132,72.90476599201558,-5.925463389035879,-9022.645864657496,-5925.463376131323,91363.13563529022,100532.61432578824,313788.9819978937,201240.0035443735,5118.07090043442,196121.93264393907,198181.782139908,3058.221404465472,96406.14510050704,94101.78614044256,10732.072303423902,957.603636523203,1251.8964695885973,-294.2928330653944,1216.7375913020237,28.147136178140173,-287.2810909569609,28636.65594505324,20004.29989987195,466966.99926000985,89044.11638988508,1329.2259682701783,74057.21880731932,29977.90204265216,8686.646962649445,6674.276977529032,150563.53896537004,17.42918752667754,-3892.567489584568,114070.1398435569,5363.388573985742,9288.837665249875,116817.16911479822,-2787.811697918591,-3439.4973695242384,-6912.431486394379,9247.17306425264,7.5275,1.7367,19.4055
2018-07-01,4.91,1254326.5718194323,67.79457247800393,69.47451053399901,-5.482800446845183,-9022.645864657496,-5482.800390380828,96049.26200363986,99638.93944424616,312461.95922663005,201340.85535421735,3527.2566074306783,197813.5987467867,196947.0239796493,4393.831374568082,95776.36536972607,94787.37669062948,10777.113293861805,1147.0193527260783,-190.55466327796904,1337.5740160040475,21.649404152523186,1179.0445081775067,-53.67455960395149,29242.059699175832,18877.88135364257,462801.706972634,90102.72497917384,1118.0869692964393,74028.49134670272,30155.02604664007,8867.07715330855,7152.484251164479,151311.57652872163,17.459196897196115,-5793.94727475115,113722.24685828129,5078.620384013173,8667.166169266484,119464.1028252819,-5789.902640284215,-3529.501841195958,-5115.1788059716,8640.636012700623,7.75,1.9233,18.9765
2018-10-01,4.82,1278647.137992722,66.28452209079009,74.05237586891185,-9.21259768638031,-9022.645864657496,-9212.597688884236,96112.90839713956,106751.486688096,310062.09137710667,201064.91071757855,1041.3170617820356,200023.59365579652,196940.6791065684,4124.231611010206,95234.4070388705,94087.36847386936,11743.135204838729,960.1380503816612,1221.0634897175034,-260.92543933584216,-41.8315346383814,-75.51535944220869,1077.4849444622514,28636.02047437587,18439.75779032175,463701.3691186771,89998.60920933398,888.3984589115631,75108.3713997412,30021.92604477051,8745.07607266799,7330.554155537354,151624.2099922441,19.673738380996475,-4110.464906616365,116799.41368637297,5816.550616038623,9083.975571066005,120141.53271964022,-3393.546424858354,-3750.1082017336976,-6003.692015712102,9036.88173568779,7.9103,2.22,19.8413
2019-01-01,4.1,1236312.4842119757,66.82636299567412,69.59748378024075,-1.2630311361438833,-9022.645864657496,-1263.0311416122563,94976.4791826043,95470.6343311183,307838.4465290724,204437.67175925503,4098.980323209548,200338.6914360455,196636.00302378327,7801.668735471752,97072.689609186,96002.53298344948,11362.44916661953,4558.100209035766,880.9790168346804,3677.121192201085,2421.94906315406,2537.7943354464937,-401.64318956478735,37443.68926826959,17117.055635414796,467136.29939065233,91493.4861617403,1505.0966600320726,78057.8129218701,30420.33427837934,9372.070814187073,7678.985718279251,156842.80514919947,18.72947516105226,-11411.86123528716,107118.5805441738,6981.150731813519,7999.266873616515,108876.29323013996,-1799.283855080216,-1443.330288651945,-16139.529861552246,7970.282769997249,8.25,2.4033,19.2093
2019-04-01,4.21,1255239.2875414593,68.2444748911302,73.37359977212266,-4.907728705149461,-9022.645864657496,-4907.728674552872,95331.85367525936,98379.83267366428,312720.2725865892,205318.4100323608,5696.402919325308,199622.00711303545,197158.40261759184,8160.007414768942,99451.49221088826,94918.8652441684,10948.052577304104,1639.6157060080288,1088.1255969373497,551.4901090706792,2673.831816721559,-652.6195832277713,-381.5965274857589,41416.356291348784,16726.401850688613,464923.4759421581,90788.29679970538,1282.3177973129332,78115.04228826419,30550.840317953043,9333.030615011325,8694.085153289228,155378.2556692071,18.592870248726072,4975.540540287741,117323.42342384512,5915.1170447657405,9537.823443951742,112395.38119692076,4883.137066093284,-1411.7779597778222,-8010.992407607404,9515.173841579684,8.25,2.3967,19.1306
2019-07-01,3.31,1248486.084063352,68.30146935201205,71.22273311987021,-2.0335106412787787,-9022.645864657496,-2033.510634215311,89157.42128381762,94536.85431803753,306865.5865330848,200692.3542686276,1502.0513312411815,199190.30293738644,198096.3420585655,2596.012210062114,99709.77370292658,90881.11622422124,10101.464341479796,-2350.785342810061,3195.205087222167,-5545.990430032228,1395.0771160584588,-2989.394933538817,-756.4675253297027,38709.95816720207,16347.836823803673,466602.5046309361,91804.76160187591,1056.9954534094873,89125.6997490459,30654.82917940094,9282.43994237688,9150.462587990129,146155.60508832856,15.296038101287571,-249.03340889796596,114080.51621937202,5407.316671170363,9845.087658655411,115099.69810166766,-1077.322651616352,-4168.36011132372,-4832.630375772322,9829.279729814429,8.1087,2.19,19.4341
2019-10-01,2.94,1265719.9388875824,71.18822000646288,81.10692278369976,-11.793636134376866,-9022.645864657496,-11793.63613892489,89326.12502066839,109225.39819755004,308072.8206011912,199296.3045502311,950.405687546532,198345.8988626846,195679.68034592536,3616.6242043057455,96952.5774101548,91239.0433721228,11104.683767953533,-1430.330862622534,-2462.914851602246,1032.583988979712,-2845.7644739189104,441.8544216869339,973.5791896094428,26542.42295104852,16266.630036294828,464362.2210876427,91580.70647606712,867.15634190036,88958.7902426635,30625.730329251463,8259.016661690346,7929.91398533472,143242.8161926883,16.747236784960915,2766.067047775108,113823.8167730662,5842.904055714595,9193.730911811052,110741.16263482404,3036.025641302626,-2230.1046359769803,-7196.22242672087,9156.368469170333,7.5842,1.6433,19.2679
2020-01-01,3.39,1218602.9921180052,71.19999470143881,72.0767296237676,1.3108213515573068,-9022.645864657496,1310.8213515573066,96032.04298328674,97418.49648632144,315785.3530120948,204125.5930109743,3077.602252422233,201047.9907585521,200753.34735521665,3372.245655757658,99157.06148685112,95483.57520963924,9484.956314483945,6914.272660161016,7150.802333302855,-236.52967314183863,3024.145382077216,5011.848394107565,-1121.7211160237648,25944.14235967921,15258.78340131341,480014.1724316863,92275.09579188954,1471.761747974443,94509.7093938075,30328.963978759828,8133.205725523634,8463.066631463851,149483.8428882367,15.134794507845294,-6824.130691412436,105094.48891105644,5813.528675901732,9340.147023630983,101648.88024945944,3413.588425079545,-1037.7280203909936,-18628.31100514648,9428.319909045496,7.0534,1.26,19.9341
2020-04-01,2.77,1000496.4665745996,47.86442252791085,60.48688669126964,-13.44193220359722,-9022.645864657496,-13441.93220359722,57590.3530987665,69629.32525840827,326971.0481940522,214830.5084181325,6124.060230713406,208706.44818741907,209525.4127748818,5305.095643250668,106901.2826543552,98898.27723182931,9030.948531947935,7694.681274093614,5660.545281163674,2034.1359929299397,6195.091373901644,2091.646725414762,-592.0568252227928,32602.21700950479,16681.737458250747,500637.8824337085,92120.53453580292,1283.7531988903283,100317.72440770685,30771.083125107307,8793.2636307415,10602.647289224791,158467.5412332418,15.28394253429682,-347.753798586343,72879.34904049874,511.4437023062094,9949.358524555117,74016.9563970842,-1141.2756830658311,-3917.050386408705,-5383.422900701562,10093.995171589757,5.8132,0.06,23.3372
2020-07-01,3.9,1147016.4536869468,56.3339330070563,57.457426070535696,-0.6658709300758683,-9022.645864657496,-665.8709300758684,65987.18847303076,74711.16878889756,328305.01239383285,217330.4410633756,4464.68352870452,212865.7575346711,208869.2308151968,8461.210248178842,107721.6903433355,100924.06897198666,8684.681748053468,2850.496673953437,-364.4125628644725,3214.9092368179104,700.4431797110582,2449.3716280146336,-299.3181337722541,40956.50423775019,16158.723355043625,501071.72980730777,92081.2038865707,1016.8098544360362,99906.8716507108,30570.649329402764,9019.646831090507,10969.767435978218,159180.38640809344,14.336273073881427,16398.54249935506,107561.13474024613,1550.9360219428097,10613.84649950885,91861.38716766282,15700.722178580883,-4213.642685049179,-5805.3759836692425,10716.838989492597,4.7253,0.0933,22.1109
2020-10-01,3.52,1221459.1451277006,67.82364168088569,82.3466261674989,-17.199428675504528,-9022.645864657496,-17199.428675504532,81688.6094597782,100779.14366198638,323694.0316459736,215089.406539338,2045.208673336312,213044.1978660017,209225.4546143436,5863.951924994413,108036.82014107432,97047.04351172956,10005.542886534102,-3516.3707580990067,-978.8480588554464,-2537.52269924356,-714.1801616290574,-3949.148933069484,1146.9583365995336,38558.227239602944,17603.396526315788,499710.7819550604,94372.66673626758,833.242246209824,103616.0391702148,31536.160918387533,6798.560437075101,11380.623407806965,160363.74075797133,15.964706010022022,16667.483296712973,118695.7907507644,2770.0398722702475,10544.808762747369,103705.4636436443,14991.796631379906,-2905.6800518709024,-6029.762542618055,10611.129259822024,4.25,0.09,20.5757
2021-01-01,3.99,1186982.6076450285,73.31517335391231,77.9598485755436,-3.891664974257662,-9022.645864657496,-3891.664947074972,90656.95887273244,98881.08238479964,322725.8609981683,218126.69057421765,5414.679057883168,212712.0115163345,210180.88878971105,7945.801784506593,109405.92293981869,99215.82091373716,9504.946720661796,7205.605510840533,5066.721102913943,2138.8844079265896,3680.412425179412,3830.7752086759656,-305.5821230148447,40736.79191033792,17291.14874257167,502608.88697979547,94926.6249072446,1447.9202805985396,106737.57869893398,31373.542353604476,7100.665810135529,12111.488905505154,165817.2017970215,14.188761710567736,-8872.94308796942,106615.0011294771,2818.8940322605868,10410.174202527927,107959.67388585114,-1356.0114596104522,-3822.931359334077,-14084.751154733618,10390.750885708729,4.1167,0.08,20.3186
2021-04-01,5.95,1227631.6147631176,63.8626176413262,71.53707225737189,-6.921885853408363,-9022.645864657496,-6921.885856631971,78858.30511186719,89483.74351243363,318164.3473757631,212055.83839555984,5020.373218131429,207035.4651774284,204869.4175074683,7186.420888091553,107027.25119815471,96051.42768688124,8977.15951052388,-2771.2788057919497,-2343.1806460280563,-428.0981597638937,-879.5692262630951,-1467.8185429773164,-423.8910365515384,40350.79920458113,16973.030904672603,493810.9000669572,92422.26971227655,1257.9298404942542,103031.5125543135,30456.76730864461,6383.79527080109,12298.356065984146,160777.45735920686,14.304218922008245,5715.580272214426,116312.46935911504,4530.539247127889,12575.008477131125,113711.7744409238,2627.571550794793,-2965.5976483231198,-6503.955059911362,12557.561429654112,4.0167,0.07,20.0115
2021-07-01,5.8,1205862.8352576036,63.92924853526552,69.55326397578757,-6.01217706982734,-9022.645864657496,-6012.177075342408,81269.47050805316,88548.75199557476,311244.6300901841,207884.360151907,11568.638543520565,196315.72160838643,200273.888351316,7610.471800590966,105967.91563587528,93482.33614960565,8434.10836642607,179.89157481930818,-357.11468126533765,537.0062560846458,1265.2220735373337,-729.5040435639258,-355.8264551540996,39809.22337023108,16079.086223568056,481581.89192319394,89509.26279024601,974.0829723975428,101781.64085510574,29671.34395554193,6152.475891121945,11699.761558414431,158765.6787726636,12.698228810774696,-3258.050617933994,113344.29834882412,5045.0376315790045,12724.904921362711,122606.66617250162,-9239.272620055255,-2298.2850843932247,-4453.442027536112,12732.949114050596,4.3832,0.09,20.0214
2021-10-01,6.99,1244576.7185074226,71.14191288807916,88.03607473007366,-16.952815232340765,-9022.645864657496,-16952.815231038312,86437.6907884544,105483.61141161136,301430.5716145752,199671.96755577292,2895.50704412324,196776.46051164973,192161.216878688,7510.750677084953,103457.61984427585,87497.19582632708,8717.151885170028,-3044.60673790121,-3103.615982266509,59.00924436529938,235.58652521413416,-3775.870915783859,495.6776526685149,39182.858982154095,16437.813309386507,462914.5490210582,86590.34536253914,786.2193520243783,97244.98245277807,28490.92444585832,6283.80884653379,10990.7645569976,151216.90942961737,13.423476962487952,1966.161322145283,121983.84869044129,5834.733877936635,12893.017520643049,123837.65968790468,-1870.245890040415,-2444.611670067264,-6627.654926960765,12908.673809213728,4.9674,0.08,20.751
2022-01-01,7.27,1218176.3273567709,73.80410704108067,77.56783476481907,-2.5139066243678894,-9022.645864657496,-2513.906626516918,95941.3402405774,101059.17598097224,297909.3723269642,198942.75811389604,6633.2588556453,192309.49925825075,191634.2462536892,7308.511860206851,104937.9311873489,86575.89788563125,7428.9290409158675,4612.612723718425,4654.221002850677,-41.60827913225221,4426.874070897121,1306.429442245715,-1120.6907894244116,38398.50893316709,16529.594110357226,456772.9555667183,84952.11716186836,1296.8207506664453,96790.28964693038,28213.586764482166,6325.780725108656,12739.80273710584,151540.34980621017,11.812519923139398,-10208.703861057538,116503.50244771304,5964.690017492607,11085.843332788369,120717.01155520145,-4256.358903621336,-3170.650459998946,-13823.238726051262,11041.544228614004,5.8111,0.12,20.51
2022-04-01,7.77,1263274.9278772138,68.19176923151045,73.46247661263786,-5.03982039711625,-9022.645864657496,-5039.820408710267,96936.41768998142,106286.67228755789,285016.7143165976,189409.8205411605,3644.4386732773073,185765.3818678832,182132.9966180469,7276.823923113584,99162.3093070142,83010.89408779671,7236.617146349575,-1810.1659131976232,-1946.0252145543816,135.8593013567586,-1267.5035707060836,-559.8815188358689,17.21917634432935,39224.68104121021,15640.005681790906,433589.3640477832,81016.74127535993,1110.6368742092432,93434.43639195476,26819.814210991903,5819.306741447826,13648.17745816061,146791.15374660122,11.19246462381408,-1583.6584439505796,128080.86474659952,6060.635121681931,12977.273151752428,134977.06480333343,-6955.567199051121,-3044.604895183934,-4516.000505690094,12932.51415597457,6.8306,0.77,20.0499
2022-07-01,8.52,1262200.5108291358,66.4038340110707,73.33345455358997,-7.239293463861519,-9022.645864657496,-7239.293462182879,100491.59347655714,111427.93320076707,276250.9731039691,184592.07466346616,3667.572060397756,180924.5026030684,177664.54240434823,6927.532259117925,96721.34089417872,80571.02307486664,7299.710694420789,483.1521879296984,744.1869261147201,-261.0347381850217,656.8354577377012,-367.2500450636927,193.56677525568995,37601.323274241055,15964.33056835525,422724.4304570215,79176.45858167244,924.4130588264492,90542.94094586378,26567.167362211698,5214.916651006235,13057.175132963272,143425.75782359848,9.9417527238436,-5405.058306359343,126612.20868562972,5674.076590627532,13240.007689888278,137784.41645576034,-11204.274560450169,-3271.119046304139,-4142.793689237139,13213.1289896321,8.1621,2.19,20.2479
2022-10-01,8.01,1301883.6876355184,73.30386960512162,97.91356401894328,-25.749217804167507,-9022.645864657496,-25749.21784177433,97812.07664233322,126820.45654791474,270155.54885594005,183203.62189055217,1067.410166053412,182136.21172449875,175821.17125040342,7382.450640148745,96791.59971890408,78740.2797385245,7671.74243312358,-2899.8158439745616,-3409.84089218812,510.02504821355785,-1358.5526189425962,-1880.018110263039,338.75488523107333,38465.12511069297,15162.62492007214,416139.1359778112,79452.95204735929,792.418926962183,88198.9184398573,26823.38067766989,5230.97436881278,12876.555200419882,139010.72116912997,11.776926727675756,724.1000311783797,124303.39560118594,6337.302810039885,13154.446760921724,126128.94626654254,-1862.4611309880988,-3783.482871982264,-6744.682525327621,13114.726559476365,9.7527,3.6533,19.6843
2023-01-01,7.46,1265414.462596576,77.82329237792977,83.36046718876705,-4.402882834918123,-9022.645864657496,-4402.8828350966805,103321.81284320356,112160.14699227543,271515.84920858813,185037.856694851,3062.965098635974,181974.89159621505,177635.63546069778,7402.221234153225,99535.19430329524,78886.69112597183,6615.971265583931,2771.258106797997,2701.7286323216117,69.52947447638547,3173.511960932961,697.9625423456826,-1100.2163964806464,37548.83412085328,14303.229997620563,422927.6180206403,79443.01029045736,1261.201306809064,91735.30449210084,26411.52953479236,5413.711611598374,13325.815658578424,141605.27837595108,10.67119032731096,-17329.73078521289,117604.10645740034,7422.275385376787,11646.866964718078,121734.78584110286,-4184.739036980964,-3694.82568947821,-21042.912040861687,11592.745982107972,10.7806,4.5167,18.676
2023-04-01,5.71,1307260.8055042748,80.47846770124528,94.42233619604656,-13.84065113242689,-9022.645864657496,-13840.651136634331,106322.10049074543,121318.62700953572,268048.8190044085,182465.34794286988,3289.85134888105,179175.49659398882,175126.7798008949,7338.568141974989,98936.85471237748,77789.16987689407,5739.323353598316,-795.9397865255808,-768.4650507045689,-27.47473582101194,600.2236714150589,-511.5928218237826,-884.5706361168573,36330.786585727576,13174.96337845899,421288.6615147324,76963.85198429482,1078.8799123449778,90612.17526906762,25417.1098226576,5281.190409305779,13190.76962707891,138622.20723557658,10.427158775444289,1440.0025701234156,124746.97573501356,6139.011681522256,13461.920577954805,126424.43166217662,-1658.3264743545667,-4575.616487042631,-5745.591324798755,13419.536856319366,11.25,4.99,17.7019
2023-07-01,4.63,1307812.000067556,83.24351201911423,95.01564357949512,-12.03621648985644,-9022.645864657496,-12036.216481199071,108857.63052535312,123823.04966182224,261787.36540456815,176606.99749021648,2182.786618191165,174424.21087202532,170223.63477476427,6383.362715452219,96680.28288875068,74131.71314142813,5795.001460037664,-3121.9001211161417,-2941.067851288547,-180.83226982759464,-574.823449370294,-2673.183386230881,126.1067144850331,34595.00184936288,12371.011257865195,414265.644016514,73972.29521934329,835.8979877511498,87542.34585618328,24544.042358246734,4963.944263538704,12600.743724070851,135169.90641877428,9.107251338867062,-865.6508035440631,122978.82326938756,5311.055034034395,13827.666483201916,127589.0377885592,-4608.30304987793,-4873.719234858812,-5155.880737449551,13772.252218642228,11.25,5.26,17.0589
2023-10-01,4.41,1334252.306149307,85.56539745189949,104.84899340081972,-18.953129867616745,-9022.645864657496,-18953.129867152657,113115.21533012968,138157.70293635153,260326.14192660697,175278.27478114606,1655.1829341518155,173623.09184699424,168753.69407404205,6524.580707104032,96887.97010562752,71707.48218935072,6682.8224861678245,-1845.20344330566,-2014.6900037859325,169.48656048027257,-417.6051069525947,-2289.94269671976,862.3443603666946,33718.61785224046,11958.743552502772,406920.28305708646,73070.87119413722,713.9621360231483,88188.99090505422,24535.053759755538,4598.62669580032,12102.725644987697,132886.18219632766,9.126199410476216,6116.670519049158,123290.51642107034,6437.025781718518,13223.144160610593,123027.98255372564,230.50853349432,-3008.716699606648,-4258.360524387265,13153.23920954875,11.25,5.33,17.5579
2024-01-01,4.57,1284695.659329452,88.70866321606987,110.46338851260975,-21.51827547147365,-9022.645864657496,-21518.27548667524,114581.0866337162,139304.02581252367,268769.6970843253,179279.08878605202,1620.8155218061945,177658.27326424583,173212.3955862381,6066.693199813919,103583.4591659762,69533.8175698316,6161.812050244233,6602.281769342165,7016.266783057123,-413.9850137149583,8415.5958814929,-1341.6764165960103,-471.6376955547243,33742.16062633251,12042.789328165349,419313.1227680098,74934.67881663331,1184.0601211461185,91053.52890008072,24902.567220553035,4356.249559181198,13399.080780353792,137303.73761194653,8.55908161766834,-19847.440575116438,115932.18317703874,7918.637561680455,11371.178072497702,119953.02655143944,-4052.385068622013,-794.5622362090442,-26269.60172434552,11269.10845406014,11.2225,5.33,16.9974
2024-04-01,4.77,1336463.3711864825,90.74845930194392,104.2693300803448,-11.348305721186914,-9022.645864657496,-11348.305725837236,115231.59537423766,128887.93588456509,259751.872817946,175643.60395204023,4078.1978270219865,171565.40612501826,170350.47192743007,5293.132024610157,102147.50340268738,67864.28827413773,5631.812275215138,-1722.353081220117,-974.9788791391768,-747.3742020809401,-175.87634136318297,-1121.9835912772137,-424.4931485797206,30445.373614827,11646.654831483882,414964.06735396106,73245.87976273493,1037.5340757936606,90363.14693959354,24208.05911558448,4173.714800375178,12390.019085061327,133767.07013830706,8.34069288726449,-730.8129479476582,125191.36058517048,6232.442455118211,13829.388073762006,129952.01876590916,-4758.6801677767,-1664.216958491061,-8020.45541156195,13712.539589882055,11.0,5.33,17.2459
2024-07-01,5.04,1328995.4871389798,76.18003143941878,90.31942116159654,-12.389478657199914,-9022.645864657496,-12389.47864791849,99921.61868037088,118957.62889662532,262774.05975578964,179622.37247042064,3940.929165941682,175681.44330447895,174213.5251136282,5408.847356792439,103025.04740161776,71116.86804799331,5480.457020809551,2991.781431714884,2872.698396686429,119.0830350284548,-122.0401305291614,3232.345146772366,-118.52358452832112,32865.23931635312,11704.503677796782,415586.445358804,72126.35651473454,838.5363782003676,90302.0241275776,24214.935761786142,4956.331823684312,12856.092571571951,134974.70601375212,8.23191450196701,-1655.2033272505546,124743.86048893744,5345.730099418383,13613.26408025032,131582.12385394645,-6832.608824575276,-3290.2707458635773,-5065.668832192153,13533.345075380454,10.8462,5.2633,18.944
2024-10-01,4.51,1339021.6932972511,73.78463387943623,96.98174425719569,-26.726140425966143,-9022.645864657496,-26726.140446896134,105567.4897760124,132044.46032862316,258684.5814510813,175349.95917086487,2158.7159526061064,173191.24321825878,169656.2893256327,5693.669845232179,99254.92436658608,69975.93616935688,6119.0986349219065,-196.8887294443228,-509.19772534371793,312.30899589939514,-795.328928851241,-107.17029551945208,705.6104949263703,32878.83128432967,11293.416944428063,413177.5828503312,69169.10487718195,726.3147489090328,89686.86192071323,22818.705668133225,4395.96528238783,12588.10709481517,133826.42757230293,7.774011073949893,8584.857861786066,128443.21285930894,6893.075285679221,12998.93780446711,127704.71353794112,735.2220505577444,-1488.3383174257076,-3592.568761694029,12930.54289034806,10.3379,4.65,20.0875
