periodo,year,quarter,inpc_q_eoq,inpc_q_avg,inflacion_yoy_eoq,inflacion_yoy_avg,PIB_USD_2018,ingresos_mmxn_USD_2018,gasto_mmxn_USD_2018,balance_mmxn_USD_2018,rfsp_total_miles_mxn_USD_2018,rfsp_sin_ingresos_rec_miles_USD_2018,balance_tradicional_miles_USD_2018,ingresos_totales_miles_USD_2018,gasto_totales_miles_USD_2018,incurrimiento_neto_pasivos_miles_USD_2018,adq_neta_activos_fin_miles_USD_2018,deuda_total_economia_musd_2018,deuda_bruta_publica_musd_2018,activos_fx_publico_musd_2018,posicion_neta_publico_musd_2018,deuda_publica_lp_musd_2018,deuda_publica_cp_musd_2018,deuda_gob_federal_musd_2018,deuda_organismos_empresas_musd_2018,deuda_banca_desarrollo_musd_2018,endeudamiento_neto_total_musd_2018,endeudamiento_neto_lp_musd_2018,endeudamiento_neto_cp_musd_2018,endeudamiento_neto_gf_musd_2018,endeudamiento_neto_oye_musd_2018,endeudamiento_neto_bd_musd_2018,fuente_bancario_musd_2018,fuente_comercio_ext_musd_2018,fuente_capitales_musd_2018,fuente_ofis_musd_2018,fuente_pidiregas_musd_2018,acreedor_eeuu_musd_2018,acreedor_ofis_musd_2018,acreedor_japon_musd_2018,acreedor_otros_musd_2018,moneda_usd_musd_2018,moneda_canasta_musd_2018,CuentaCorriente_2018,Exportaciones_2018,IngresosTurismo_2018,Remesas_2018,Importaciones_2018,BalanzaBienes_2018,BalanzaServicios_2018,BalanzaIngresoPrimario_2018,BalanzaIngresoSecundario_2018,TasaMXN,TasaUSD,tcn_mean,tcn_eop
2002-01-01,2002,1,51.1279,50.9654,4.66,4.75,887540.289374572,48.58237654811014,49.35989401588487,-0.9894550981780229,-5905.471782875991,-7471.502230184823,,,,,,189132.35502770494,115348.30400879818,14218.050890958442,101130.25311783975,108657.17450205913,6692.53964994384,84443.60553257205,19561.506536877572,11344.602082553349,1675.1091129726692,177.67804380381878,1497.4310691688506,942.2576894421564,1047.877415481093,-315.02599195058025,20530.27491856982,28483.4825935979,185113.7289226881,71102.24067203293,8600.463406027704,47828.39113421939,23635.128226881312,11651.731272557092,8481.165290902281,101001.36602892172,5473.047806439535,-5114.721627269095,51720.08601894327,3403.501897081617,3066.2647395123545,53756.798153920805,-2019.2465609496646,-733.8482805547013,-5617.739089426684,3256.1123036619547,,1.7333,9.1135,9.0771
2002-04-01,2002,2,51.7626,51.5604,4.94,4.77,936267.0836099456,52.73784695630349,48.24023806489588,4.483615172501496,1956.0527206271165,-722.641452091408,,,,,,181467.70581575035,109063.1836459881,11785.6796336367,97277.5040123514,103059.46175984398,6003.721886144131,79934.42905553491,18002.770801448736,11124.584646173847,-6510.91116223997,-5869.963831537889,-640.9473307020802,-4705.0375107726595,-1616.7095407689449,-189.1641106983655,16575.64511422734,28331.24317700594,173350.9984268202,70756.05208673848,9549.149818907874,46321.98135011144,23531.623610884097,10465.588372956909,7775.176623978455,95006.27545542347,5596.991065286033,-2843.2303571472266,58037.14978165676,3001.078822229754,3607.102148736998,60131.81350907596,-2088.3381299265934,-2013.7752816314764,-2529.278619809075,3788.161674219918,,1.75,9.4677,9.7502
2002-07-01,2002,3,52.422,52.1472,4.95,5.25,926456.1114366225,48.7682077456753,50.758028391418634,-1.4974017199612253,-5985.907778824937,-5985.907778824937,,,,,,180673.07167892114,109788.42040181048,10558.425493256977,99229.9949085535,103917.06187326807,5871.358528542399,80099.02413541476,17577.892764640685,12111.503501755036,1154.5103188619992,1256.2397117125442,-101.729392850545,689.5610691852947,-328.4286828006651,793.3779324773694,17129.782443192318,28340.890361167563,171364.62348605212,70120.91542490303,8622.64457047848,47858.738989469806,23406.249402087567,9344.213519767229,7985.270262331426,96696.77994540922,5588.158371974876,-3773.5557985840687,57568.55069071958,2807.6616603269913,3552.6118093725295,59736.56130847128,-2186.833527986969,-1645.8651859282334,-3669.855565048856,3728.99848037999,,1.74,9.8925,10.0554
2002-10-01,2002,4,53.3099,53.0139,5.7,5.34,926791.6375763417,50.300878772856336,61.72643329941004,-12.095865906336847,-14950.51431174908,-17052.81324965383,,,,,,178070.77285592287,109042.34435785124,10085.484049586776,98956.86030826447,105183.15948044077,3859.184877410468,80073.90121460054,17069.64716721763,11898.795976033058,-838.3818016528925,1135.135756198347,-1973.5175578512396,-112.06093388429751,-518.5239261707989,-207.79694159779612,18526.854348209366,26414.007238016526,174518.02621129475,70408.71484049587,6310.137352341598,47965.40002644628,24270.046383195593,9342.284868319559,7440.984356749311,96571.76092534435,5527.647670798898,-5571.577291750816,57443.098773884296,3157.002764881542,3471.2907969090907,61778.33510005509,-4342.751878086504,-1960.313561892358,-2922.0961293169617,3653.584277545008,,1.4433,10.1688,10.2103
2003-01-01,2003,1,54.0129,53.7375,5.64,5.44,915106.7909874772,51.18292771494073,47.18481451727955,3.4490255324759116,-73.54165611933091,-2268.0178797590897,,,,,,180715.91302844937,112049.21489411015,9897.364549354663,102151.85034475548,106440.7630915288,5608.451802581349,82734.38671914197,17960.575288674783,11354.2528862934,2947.600474913652,1165.6202203235775,1781.9802545900743,2737.947683875659,587.7398949281949,-378.0871038902018,18360.846424013816,24778.7414975459,181473.59355935283,72064.41534611888,12336.375562534085,50205.612753408466,24276.998959098346,8984.943552172332,7129.1534645519,99935.22739992727,5228.3106217051445,-2328.371679755118,53476.51672961097,3489.003131806944,4341.122915455361,53665.375414627335,-187.8246161025286,-971.1700433336165,-5694.399748924782,4525.02272860581,,1.25,10.8181,10.9246
2003-04-01,2003,2,53.9751,54.0036,4.27,4.74,939689.8830627402,52.78996760391557,48.71035973039924,4.677357750639802,1564.5075292810554,-524.159041191416,,,,,,176782.50637718497,109845.78975546247,8644.964413601601,101200.82534186087,104261.75202175892,5584.037733703568,81488.737335579,17509.38942443554,10847.662995447923,-2815.6794624908957,-914.4648760924981,-1901.2145863983972,-1589.5805383284776,-685.2657148579751,-540.8332093044428,18055.57198579752,23649.485446376544,197172.4533031682,71948.64801101602,11640.601565823014,50726.122444282584,24069.75249007647,7770.1396078841935,6329.929438546976,97881.7581344683,5262.116470138382,-694.2610645746029,55200.586601181705,3113.811197316096,5355.726466153327,57459.07755335942,-2261.5361846816513,-1722.3612114201237,-2247.8763247890647,5537.512656316236,,1.2467,10.4552,10.5
2003-07-01,2003,3,54.5382,54.269,4.04,4.07,928074.5458206718,49.21053931249899,51.41452773512667,-2.233777966014973,-5057.088235972691,-5452.361888820843,,,,,,172633.6064886138,106316.78992409183,7219.0312062172425,99097.7587178746,101617.42171073561,4699.368213356227,78024.59737222124,17014.90692888126,11277.28562298934,-3490.5235754563537,-2644.9177588107723,-845.6058166455813,-3058.394632929695,-934.5094711729623,502.38052864630407,15067.195318362554,23368.86337113682,197172.24045653356,70666.01601915779,11570.136711639256,49759.63411729623,23378.121332098322,7648.981804988253,5711.20888785469,95047.80923667089,4959.135706217243,-113.21534864283754,56559.389970609984,2933.0391185812405,5620.285758904691,58505.02398577174,-1958.5711973650853,-1971.7625310187793,-1970.7945349582228,5787.91291469925,,1.0167,10.7104,10.9285
2003-10-01,2003,4,55.4298,55.1202,3.98,3.97,937777.0404389077,49.28186157305128,60.5952186781109,-10.64556841702372,-13194.461833064881,-14455.193798139551,,,,,,175185.0321327872,107180.92188467772,7321.263905563558,99859.65797911417,104891.72993599209,2289.1919486856323,79152.35839494059,16489.69602709759,11538.86746263954,6.103426809506662,2396.7478922398273,-2390.6444654303205,420.8651864422039,-550.5290982175009,135.76733858480375,14398.797633867483,21666.08012009363,199253.6923085164,71493.10027583723,10522.71471471012,51221.17847074181,23993.791473532594,6755.408424468851,5321.103124234786,95646.80153177891,5046.17765439323,-2364.0598655746644,59579.41052228935,3240.7704409704716,5338.186826103741,63059.507178997126,-3482.050999742207,-2123.4463530315747,-2262.8676070870356,5504.305094286153,,0.9967,11.1854,11.2563
2004-01-01,2004,1,56.2981,56.0601,4.23,4.32,945008.7219787743,54.30177894782828,48.29908115910119,5.782593936195901,4344.6950370576615,2443.7236926353653,,,,,,174117.26196732724,108780.41890332082,7242.6133768077125,101537.8055265131,103829.03802892339,4951.380874397429,79736.80089260844,17976.276416979108,11067.34159373326,2170.457274236743,-507.8477300482056,2678.305004284949,1117.9105752544187,1405.1888462774502,-352.6421472951258,14906.595116497052,22011.218087841455,201175.75484681307,71276.48270969468,18328.515083556504,52306.16429780395,23119.310632297802,5956.854822978039,5007.33020058918,97092.38947214783,4474.466666041778,-1572.1861799048738,58091.8276319925,3936.1517600044394,5021.803347130107,58796.41793974825,-694.90717401098,-1296.7038398164218,-4795.862647885538,5215.287481808065,,1.0033,10.9806,11.0044
2004-04-01,2004,2,56.3317,56.3188,4.37,4.29,975421.7540978708,51.04394865018837,49.602294018433355,1.118707161289317,6765.544426721684,-2533.28130947808,,,,,,170790.45144712136,107877.41611992914,5300.7126690876885,102576.70345084147,102714.55240575732,5162.863714171834,79420.21414915855,17367.100085739592,11090.101885031003,-1550.367045704163,-1804.713713728964,254.34666802480072,-477.3336996457042,-1222.0917029229406,149.05835686448185,11837.929129317981,21242.48391895483,200464.80764614706,69008.68141780337,17974.809805668734,52473.74598148805,22797.65499406555,5618.84617201063,4582.643718069088,97824.58425093003,4504.311349689991,1446.6459383781657,63236.83091255182,3487.903996333199,6630.411529449578,64730.774632876,-1505.277952308032,-2082.343409190016,-1764.548843886234,6798.8161437624485,,1.01,11.3866,11.3843
2004-07-01,2004,3,57.2979,56.8684,5.06,4.79,959370.3754957912,49.744356366433784,48.111758926965216,2.6838040805977297,-404.806343929178,-521.0181927802655,,,,,,171355.58510526316,105996.69690881886,5858.384268350643,100138.31264046823,101907.58950818519,4089.1074006336917,78851.56358237987,16614.203283928888,10530.930042510121,-1267.9176653758143,-227.14316678401693,-1040.7744985917973,-142.67720225312445,-639.9258160535118,-485.31464706917797,11203.740566889632,20162.701991638798,199498.39805043128,68179.94533207182,18531.72653837353,53048.736313941205,22650.66885583524,4934.164844833656,4139.230060904771,96244.78969459602,5000.332060376694,-421.4605750596981,63481.08913925893,3205.616145847179,6667.142013454713,66063.61545184827,-2601.2630911960746,-2333.254708659635,-2342.2870096139322,6855.344234409944,,1.4333,11.4501,11.486
2004-10-01,2004,4,58.3071,58.0629,5.19,5.34,973504.9282539698,53.61122978362009,64.77525629337029,-11.482589713641838,-15600.39798750067,-17822.44417127071,,,,,,167925.48003970744,103937.08864733543,4608.344898902821,99328.74374843261,101212.6459532393,2724.4426940961334,78825.03959195402,14435.466239811913,10676.582815569489,-1551.070735893417,-227.8786998432602,-1323.1920360501567,395.2783665099269,-2120.1771261755484,173.8280237722048,10437.02812016719,20363.85459169279,199666.083607628,65300.1698147858,13844.582149947753,51185.859048328115,22372.25701880878,4869.939675809823,3841.1401570010453,93434.07147361546,4319.5935929989555,-4468.245373354577,64996.515215673986,3722.754048775682,6036.390625985167,71844.79228599007,-6870.314705109365,-2414.7177317740857,-1337.9822872543523,6154.769350783227,,1.95,11.327,11.2079
2005-01-01,2005,1,58.7671,58.5266,4.39,4.4,949512.7993878364,54.250180589221415,50.46970759615252,3.082846760223706,-197.5908644026124,-429.1236397043649,,,,,,171491.25564286948,103469.74556948534,4835.677738866747,98634.0678306186,98507.1910082308,4962.554561254548,78925.60702295961,14616.679853231672,9927.458693294055,1353.8748989776468,-902.2351814243631,2256.1100804020098,735.1545922717033,1264.852272569745,-646.1319658638017,9010.603960318835,19445.569943164093,201652.56527768148,65556.81031996186,17588.62583278461,52062.18104825852,21688.8879159591,4649.408988303587,3718.8484257494365,93491.77110431467,4080.1601997920634,-4473.933947938573,61212.530952281224,4510.610362823241,5857.64041778707,63662.960979136195,-2446.263726168927,-1339.0850192086846,-6746.485420108976,6057.900217548014,,2.47,11.1796,11.1386
2005-04-01,2005,2,58.7718,58.8588,4.33,4.51,998726.315573403,56.7390177894685,55.72649957734636,1.7331743995914162,-1715.102592776682,-2020.0830098065321,,,,,,164124.68379036145,97922.32222461274,8003.115871084338,89919.2063535284,94437.31183192773,3485.0103926850265,76635.22165197936,11886.427983562826,9400.67258907057,-5046.84063898451,-3602.3486271944926,-1444.4920117900172,-1864.3165458691915,-2766.9781907917386,-415.5459023235801,10168.362850430294,16925.74860309811,189489.06111506026,63362.257668588645,15405.40811927711,46422.63592616179,20994.727402667817,3206.6400175559384,3010.082267814114,87831.75267882961,3880.330035800345,-222.89998242316267,69984.19879509037,3890.760861591659,7434.26605099781,70862.82879165233,-886.6791245796353,-2761.6610923227445,-4214.98264030055,7640.422874779767,,2.9433,10.977,10.8292
2005-07-01,2005,3,59.309,59.1277,3.51,3.97,981294.492425256,56.579232852648154,49.97662787966253,7.214938677015169,4292.555990245657,3207.335933819816,,,,,,156937.44294201423,94444.83136775177,11180.186079348932,83264.64528840284,91994.75928814852,2450.072079603255,75073.76938072228,10591.264515513732,8779.797471515767,-2010.5840940996948,-1025.9828502034586,-984.6012438962359,-397.97865818921673,-1145.274270854527,-467.33116505595115,11338.432407171922,14694.812753306205,183382.46062945065,61350.65804959308,14377.170608596134,44479.734776958285,20346.46731841302,3024.3057276195323,3007.9574387080365,85697.85819506612,4164.982042217701,89.27128378907172,69203.51520308749,3434.0259542483773,7389.316750484227,71359.47134749238,-2185.6434313818513,-2162.8327443278763,-3130.362286251073,7568.109745749873,,3.46,10.7147,10.778
2005-10-01,2005,4,60.2503,59.8625,3.33,3.1,1005202.0457069954,62.38949907836171,74.9742350246235,-13.19812792166254,-16664.63845136902,-17434.512266228234,,,,,,155209.73429606922,90697.62025575341,7531.719590122628,83165.90066563078,89703.2611741139,994.3590816395096,73866.53001780616,8855.844485805477,7975.245752141778,-2951.948161935159,-1510.0136066689065,-1441.9345552662523,-641.0566438770369,-1618.5857741474888,-692.3057439106334,12133.888773139593,12575.896443305899,177114.61197833027,60811.675935914674,10638.174298085,41685.258721400976,21293.937793465484,2693.4249239879055,2673.051824962204,82859.16531135562,3482.28144154208,-2773.633656675857,74884.19288774735,3363.84516870314,7189.266033853151,79115.2388656988,-4293.910320804211,-2599.1564144947665,-3240.2753785428545,7359.708457165974,,3.98,10.7124,10.6268
2006-01-01,2006,1,60.7725,60.6908,3.41,3.7,1006201.9623010176,67.0757144829105,60.959113480856956,5.933581727353528,1116.7543124575384,-660.9715821582802,,,,,,152042.5516080381,90698.44860862299,9896.358335394385,80802.0902732286,87279.0222791611,3419.4263294618986,71585.0097964572,11942.626236046122,7170.8125761196525,-173.72191343582887,-2595.380209642379,2421.658296206551,-2313.900355698529,2912.2338734959894,-772.0554312332887,10498.846072860963,12291.07714647393,171992.37331358623,62888.213861881675,17630.634161179813,43859.621839321524,20812.137000501334,2593.6178134191177,2636.1670936664436,83028.37435954211,3166.270700534759,-1790.988736596956,74086.59653795203,4129.400992439556,7218.688912957043,73163.76181554646,894.3850701673696,-1802.7979003435778,-8299.910380328476,7417.334473907729,,4.4567,10.5884,10.7269
2006-04-01,2006,2,60.643,60.6984,3.18,3.13,1045360.7932662014,62.194628373854535,58.2208903724452,3.7037291960118397,2421.4107190888067,2317.2693784657577,,,,,,157241.2682459424,91077.63124585956,10804.556143673402,80273.07510218617,88603.02446422658,2474.6067816329914,70138.97708024182,13882.500379099041,7056.1537865187165,910.2460841338193,1838.956589930441,-928.7105057966215,-979.1133865518384,1982.554896240477,-93.1954255548195,12829.279786684336,11852.911111460751,168084.12558860553,61462.320773600535,15312.494981119578,43286.84235789997,20864.42220014906,1700.0991486419348,3749.649953212985,84560.43895652535,3125.8519240642604,-112.90855862679531,79571.32103333472,3752.1176483124555,8667.752279695795,79760.84709333886,-243.57119514868006,-2535.900312640673,-6188.804317904894,8855.367267067451,,4.9067,11.1688,11.3924
2006-07-01,2006,3,61.7366,61.2218,4.09,3.54,1030804.8134863047,61.88163825206503,56.513041958386,6.331139397569995,3354.8985362506924,2493.2321300440367,,,,,,147489.9138425759,82724.16380771124,15890.828767678426,66833.33504003282,80700.70145463495,2023.4623530762922,63255.69243470058,12533.181458490568,6935.289914520098,-8810.193646267433,-8372.922096964727,-437.2715493027072,-6861.504975307629,-1908.0266190319935,-40.66205192780968,15115.530738063988,11015.461100820346,151114.76892157507,60955.50566136177,15536.117250861362,39746.47599868745,19184.084195242,1480.7660916324855,3185.9768224774407,77049.89187440525,2420.0718504511897,-126.85026661232487,78036.41999431995,3282.039754676193,8239.798922791928,81278.02967222068,-3317.0262307659923,-3069.5786881119425,-2126.4480342217557,8386.202686487366,,5.2467,10.9521,10.981
2006-10-01,2006,4,62.6924,62.3436,4.05,4.14,1041432.6640155171,67.71978612987544,82.10223801272365,-14.726651950458251,-21285.825772571246,-22214.248243111037,,,,,,133584.39622512355,67966.01588228995,9331.345554118616,58634.67032817133,66917.72717891268,1048.2887033772652,52043.74280980231,8950.228635914333,6972.044436573311,-16049.105208731467,-15056.165950329489,-992.939258401977,-12377.674759967049,-3672.0509582372324,0.6205094728171334,8264.5656684514,11143.853724217463,143992.3257145799,32183.344317133444,13158.523880560131,36584.8662116145,10245.107803789126,1244.4937986820428,2040.4833504118617,62993.62527281713,1728.6152893739704,-2002.8258318129292,79615.24726970016,4012.5587742281396,7716.719572471374,84692.94702384266,-5142.340916454938,-2147.49386504099,-2587.7189829674357,7874.727932650436,,5.2467,10.8906,10.8582
2007-01-01,2007,1,63.3291,63.1792,4.21,4.1,1026106.4538298541,68.19474044544893,56.27280017139933,11.425336987927656,7633.649343704097,5186.081831018907,,,,,,135977.93065726297,72108.84205866374,12374.500729258945,59734.34132940479,67301.60230768855,4807.2397509752,50475.89448822173,14485.748599235501,7147.198971206508,1737.1493475824332,-2018.829312538849,3755.978660121282,-2815.0790913139876,4327.572690231356,224.6557486650646,9126.578341009314,12270.406955123655,138595.88293191462,30712.333456589513,26267.394114292987,41580.60833484242,10217.043580563537,1216.065991816638,2683.4563851759767,58227.869684363024,2230.089286256161,-5983.551762665348,74068.85040051,4567.759350436483,7270.871804767414,77084.38681767059,-3056.906940417205,-1396.5936588540162,-8936.911262724321,7406.860099330193,,5.2567,11.0186,11.1203
2007-04-01,2007,2,63.0582,63.1107,3.98,3.97,1065802.2196383402,65.07596925342014,64.01130126742315,0.9970195513615779,-1402.3345070366943,-1678.14944229343,,,,,,134677.2935653411,70286.01057271173,16978.147297840107,53307.863274871626,66756.4409643277,3529.569608384027,50171.89931157473,13461.82344904685,6652.28781209015,-1070.8406744389756,159.4351980099791,-1230.2758724489547,173.4100819818904,-849.6729454922058,-394.5778109286602,9023.400299567827,11808.53391480465,137297.76659116975,30411.534896022375,23641.371975647406,40131.856583232904,10123.405949252532,1059.053163610494,2972.6401019208147,56825.037768776216,2035.593751421616,-2155.277865904341,82215.78693523478,3773.627542280052,8443.012224763394,85020.42219725257,-2869.0226587774773,-2271.616179287706,-5575.44022213298,8560.801194293823,,5.25,10.8812,10.8326
2007-07-01,2007,3,64.0777,63.6626,3.79,3.99,1053193.277270312,63.949921961817694,61.464959829672416,2.957191017230087,-56.294452020764325,-615.1042512464,,,,,,132498.55211408154,68985.55406176813,21376.40586397934,47609.14819778878,66933.6625435825,2051.891518185622,51106.00993175884,11363.29118130798,6516.252948701303,-1952.509060589885,-481.6969907040046,-1470.8120698858802,708.2358612381516,-2504.2447212884554,-156.50020053958133,8613.065820745509,11470.160531213483,135882.9897070776,30771.48966211245,21021.623773558593,39108.627274344886,10333.48121973271,1007.9530662838623,2975.9189368035823,55940.73101895268,1940.1919151770473,-870.0848908539525,84854.75168053132,3404.250430232215,8777.193051313006,87746.17741492939,-2973.581495212702,-4174.79965873007,-2588.1992309242114,8866.495494013032,,5.0733,10.9608,11.0368
2007-10-01,2007,4,65.0491,64.7192,3.76,3.81,1064385.2402598835,78.17745059614775,93.09344758150557,-14.663146656932371,-18805.790099667807,-23549.44803818187,,,,,,146843.03881647394,66034.53714695416,24839.671759658824,41194.86538729533,64937.160569244086,1097.3765777100696,50402.97503582915,9373.211201262451,6258.350909862557,-2692.4436741946156,-1755.75480712434,-936.6888670702757,-482.301717978238,-1996.965312628173,-213.1766435882046,7443.2885711729305,10985.575787014088,132442.1035969303,31563.50407035024,17828.93971319257,36823.730202987,10920.918965064,702.635943332135,2893.333135751715,52856.95194419678,1835.2039647235254,-2323.916799072181,87896.4151130958,3910.263993824059,7829.670158074636,91376.96699327757,-3579.5183198103387,-2292.233009454398,-4373.42769452258,7921.262224715136,,4.4967,10.8525,10.8474
2008-01-01,2008,1,66.0199,65.6384,4.25,3.89,1034282.0286100691,73.83963709417085,62.31875571089158,11.009099570595437,7134.832598843269,6439.01418740834,11009.099586975599,116085.54197357009,108918.37613383737,12621.001446828228,19758.98820989188,147635.57311748696,70311.62860299634,26116.30075002859,44195.327852967755,66059.0866289681,4252.541974028252,49284.59410395278,15432.42927007139,5594.605228972175,3087.854824622557,-64.20000093998361,3152.054825562541,-1506.3397279374096,5283.164415588687,-688.9698630287211,8894.532483170377,9995.137646343697,134014.1975504027,32121.00708794643,31387.309650733416,38731.246890612536,10674.076259225547,547.3522138964044,3732.6871870050395,57458.17473833206,1963.528705219572,-4851.423229403383,82709.57756025606,4701.339545029464,6998.398412242708,84654.26049681735,-2039.5360741155214,-1458.3878656654697,-8474.254228395554,7120.7549387731615,7.5,3.1767,10.8071,10.7355
2008-04-01,2008,2,66.3722,66.2136,5.26,4.92,1091215.4230904642,76.68506226148571,79.31074122611858,-1.724579396694232,-5019.71519671964,-5837.636918562534,-1724.5793966942317,118102.14532798578,122889.2443137997,18207.4029708186,12702.642158513569,151960.29625370968,67139.1458787559,28641.659867726128,38497.486011029774,63711.27556621965,3427.870312536246,48571.398520057584,13271.114550125034,5296.632808573288,-1882.5093930217918,-1111.285172351932,-771.2242206698595,-30.988767779181668,-1649.1616416620138,-202.35898358059606,10429.234846345495,10413.507464201924,126658.20036026184,30613.058094640837,26417.342036117425,36630.82049927854,10040.59375870884,431.9787628767129,3282.7124003074478,54722.435925971164,1865.7335187353174,-2376.053568805195,92503.64802454945,3894.0384376878155,8297.134487315854,93511.39576278081,-1110.0927467026233,-2957.533344179775,-6741.410130496985,8432.98265257419,7.5273,2.0867,10.4319,10.3303
2008-07-01,2008,3,67.5849,67.1515,5.47,5.48,1065095.514239427,79.1172640379493,73.1515577284936,6.061568231704703,1277.593012695805,954.4765835492094,6061.568214793029,126528.74740807542,121136.21321484675,-7113.763672143693,-1893.9492864802285,153403.9298721563,64160.183900512195,39657.50045485491,24502.683445657287,61613.060383988006,2547.1235165241865,46483.94292290541,12424.354752102934,5251.886225503858,-1356.1100835690231,-532.8067028844791,-823.3033806845441,-425.0751150273461,-995.3985689547246,64.36360041304755,9236.57821471162,10290.489147678205,121728.08951914684,29891.09852052216,23048.93802527632,35389.76924600545,9953.06784854314,409.93073845957025,3218.9831315309716,53654.69049762178,1694.1050333316578,-4194.391467606609,90025.06156829449,3367.9914279030545,7670.331970381924,97399.19582571357,-7505.649300479955,-3432.741649334961,-1047.0655129884744,7791.064995196782,8.0731,1.94,10.3118,10.6105
2008-10-01,2008,4,69.2956,68.72,6.53,6.18,1058603.659417795,71.01540453908854,84.3067199237543,-13.337104930597679,-20652.56693159974,-27071.42524756613,-13337.10493059768,100671.93583691677,116116.76579634572,9275.598880940903,-5376.574304586696,152507.4093140632,66857.58145355126,38301.92442989279,28555.657023658474,65360.133761491765,1497.4476920594936,49003.28001359216,11587.04898456229,6267.252455396807,656.0213483522616,1767.1597087348373,-1111.1383603825757,1333.8826771579902,-1503.4360737967347,825.574744991006,9506.379878995427,10171.442509578425,116544.0066621879,32857.66349599249,22155.955654543865,35952.48266164858,12531.686848799618,445.1363758015793,3680.858641157454,56186.28519778784,1668.9972159439853,-7672.817583703048,74430.64986283836,3649.2123028225,7570.616597894343,84200.43047383506,-9853.70884486255,-2921.511464635466,-2481.203816925134,7583.606542720103,8.25,0.5067,13.0121,13.3983
2009-01-01,2009,1,70.01,69.6919,6.04,6.18,963313.5376216823,53.41487091991892,57.300243871614285,-3.1521439808015095,-4841.129858413003,-7111.297809413556,-3152.1440046458415,70158.19838573251,77380.05455539428,7519.821777091082,-280.69614382416177,182853.3553064274,100994.35000204039,1744.1663627531457,99250.18363928724,99034.17279704551,1960.1772049948754,46859.57369952584,47628.085179860405,6506.69112265414,40442.148141125945,39987.18934476789,454.9587963580602,-1991.6270594208743,42149.07125521673,284.7039453300959,39549.137800977194,41722.96119750507,178433.11373661386,39530.220595307415,3579.9629404692582,42229.94230945501,13705.988437892873,2887.2385153492282,6940.0133650273965,84014.38442538686,1552.7478878821219,-1757.8110026930515,58720.011375529124,4329.943926563974,6772.472537121065,61429.91645795383,-2759.9520657651965,-1638.9320190462147,-4204.040506792508,6845.113588910867,7.6222,0.1833,14.3797,14.7132
2009-04-01,2009,2,70.1794,70.1616,5.74,5.96,978399.5773577451,60.82094688395684,65.82050843328419,-4.9657175049848945,-5534.129384088438,-14022.953799079813,-4965.717495279806,80210.05685671265,85586.10754510306,15281.700757295072,9740.3312003398,182105.8528701635,101239.05819856022,1971.9191017156345,99267.13909684459,99844.4726013667,1394.5855971935346,47256.55261490255,47770.02543640255,6212.480147255124,-189.46512034734224,372.3442402356832,-561.8093605830253,200.75540684848738,-81.03132707592725,-309.18920011990235,36287.333636133706,39581.39232999386,181638.2468375744,41713.609978595545,3215.967545560567,41892.96088395228,14017.596334078038,2822.689232437344,6482.976594678394,82818.60295048874,1635.5626497023516,-304.050020474235,63522.21081744158,2906.69434100481,6893.118507809758,62992.99980698759,466.16281408279815,-2591.05569056078,-5183.091278023781,7003.934134027529,5.6786,0.18,13.3299,13.3415
2009-07-01,2009,3,70.8927,70.6007,4.89,5.14,1002545.5513823696,59.125912012829644,61.61620624504781,-2.4156464814659997,-2986.5245049691866,-8475.981272872572,-2415.6464207888475,79585.6273204943,88578.91763391483,19194.517013314966,11636.124215278183,182557.51276538934,106220.78809857716,4713.362800449514,101507.42529812765,104840.0813319619,1380.7067666152761,49864.841127916276,50038.46433334572,6317.48263731518,5181.993870040495,5188.640292276545,-6.646422236050228,2798.959988669292,2275.8748983022515,107.15898306895016,36162.133951259384,39244.79122589903,187496.97052576346,42701.39720424066,2727.481798657033,43675.38957156921,14664.572738502118,2905.1861405472177,6307.8045137083,88247.81293720745,399.1351458596479,-4959.707404506323,68237.63123587609,2874.101109428763,6520.146039096061,71486.4385720661,-3344.769066065022,-3972.186445274995,-4273.412597137062,6630.660703970757,4.5435,0.1567,13.2598,13.4126
2009-10-01,2009,4,71.7719,71.4517,3.57,3.98,1037440.3844469935,71.31593453709273,83.65750511513689,-13.398700519165933,-13972.950157935105,-25916.297864769247,-13398.7004642954,84082.96648034417,106266.52380731236,7375.09319957035,-16724.314740750015,189514.34815278993,111479.3618078146,5358.902751232549,106120.45905658204,109449.90213426716,2029.4596735474358,56353.97975441184,47553.29110906326,7572.090944339492,6428.762713680137,5768.242488135282,660.5202255448555,6966.874391558772,-1856.1439794037692,1318.032301525135,30766.08106782473,40946.23768465189,201303.2862963646,49728.298942312125,1571.1796571902503,41723.15015873381,19835.044040455236,4555.264025249966,6031.339876975534,90151.23430078791,424.033390545086,-1256.2543862968462,78102.68822186794,3371.528234347351,5718.7079417924615,78164.23958988159,-137.787749338497,-3353.9307225288444,-3611.5680329782012,5847.032118548696,4.5,0.12,13.0731,12.8563
2010-01-01,2010,1,73.4897,73.0045,4.97,4.75,1006685.2552002068,66.48868967216288,66.25831970377763,1.0229009006993184,-1308.196858632434,-2832.597371426362,1022.9008996150446,93225.08335314199,96487.09850805505,11977.375572861063,8693.121591531819,195908.64451153306,111787.29707094682,2232.67324335017,109554.62382759665,109622.54662701148,2164.750443935337,55673.59252716515,48791.441942918646,7322.262600863028,1370.3540296907631,1228.0395928215883,142.31443686917476,-231.02992998242655,1849.8566493692895,-248.47268969609976,27080.866332680074,42517.131104455904,204732.1395974219,59902.59539549347,1917.5484188541404,43979.550561244665,19908.773186305625,5197.018274954686,4356.415874713626,92500.91851601386,436.18450780682133,546.8384471260016,76929.05765773273,4188.344795795342,5778.925805183751,76499.50139861711,375.358858894525,-1415.747662471696,-4318.614320923334,5905.841571626506,4.5,0.1333,12.7844,12.5939
2010-04-01,2010,2,72.7712,72.9402,3.69,3.96,1048709.9371856847,61.98295595019618,72.33331812149245,-10.402568578091808,-11201.884060025362,-11350.862681019693,-10402.56859125242,89205.1564146196,99917.04050275785,20433.6960365759,10174.964683435272,199179.92942005733,111183.32351938666,1329.468568796672,109853.85495058999,109011.91596821255,2171.407551174121,57367.63763399459,46393.773044307956,7421.912841084107,7.164454694949471,1.8488915341805088,5.315563160768962,1935.5583248452199,-1997.9584141238122,69.56454397354165,28391.92506603855,43483.155546624286,200251.01539695228,60347.24189704737,1870.847121148902,37194.72877171372,20408.989200051543,6185.81329476355,6131.270994505225,93592.50724030974,431.831728952035,572.885351208191,86252.4436718866,3281.522174664649,6959.973436522344,86348.84025424994,-57.48054019552933,-3149.0903103440264,-3364.442832591823,7143.89903433957,4.5,0.1933,12.556,12.7225
2010-07-01,2010,3,73.5151,73.192,3.7,3.67,1049761.5650703039,61.95203121473922,68.4568168556676,-6.758383028740635,-8791.938430939983,-9774.234709182474,-6758.382964833667,88421.67840886133,95693.32253899037,9922.231186515919,3627.8416148871484,212196.9228422017,116090.96971633656,1037.9986305507928,115052.97108578577,114117.8620963807,1973.1076199558581,59011.6450886582,49685.55749262392,7393.767135054442,3638.813714069834,3831.8038024450784,-192.9900883752445,1149.87527282683,2548.3909102589005,-59.45246901589622,27747.826861684636,41885.30138336777,212727.61678074283,60728.2775225106,1517.8814473166995,36464.987522158815,20244.948315471174,6186.167662659853,5607.08217957091,95690.01627868027,9.332655019937198,22.157715135914792,87093.04754088692,2973.8888793151195,6607.50270416134,89686.76750223155,-2560.2919119403246,-4016.1448435631596,-190.29846194966296,6788.892932589061,4.5,0.1867,12.8006,12.8281
2010-10-01,2010,4,74.931,74.4872,4.4,4.25,1074485.8748988279,79.57861976445784,97.22450104838892,-17.867380790429085,-20088.679249622983,-25866.34055656041,-17867.380812564494,102317.62378799016,128755.65848277995,5385.6502667567065,-22350.741984253713,217319.54882976256,126210.93216628207,6570.562066964347,119640.37009931772,123537.51608132035,2673.416084961698,65360.45729156711,52091.439839735285,8759.035034979677,11034.82748009777,10319.356371899736,715.4711081980347,6848.978619611378,2788.3943493142892,1397.4545111721038,29859.03234630108,46155.54407689612,217872.26740472193,64360.6264202386,1275.8472812802972,39234.78976144635,24154.133174001705,9001.335154688917,6409.066751327954,103870.74683658098,10.743495873900201,-5420.123666737567,93314.44152025729,3365.9633205567534,5978.364643162098,94509.91030852441,-1138.275262236879,-3707.9588668680426,-6734.825514031081,6160.935976398437,4.5,0.1867,12.392,12.3936
2011-01-01,2011,1,75.7235,75.5326,3.04,3.46,1044074.0641966197,72.48184469194348,73.03790329818479,0.11822752547789585,-968.1727325162169,-2760.250987780066,118.22756476527518,103384.77180059494,104956.21179665437,10226.209278414799,9344.475150203649,217298.46627637805,124603.18550375226,1759.3863764034402,122843.79912734883,121772.31269487533,2830.8728088769326,64460.96303452324,51597.24539159714,8544.977077631876,-815.1212881550325,-1000.0163084288225,184.89502027378998,-434.36194059426754,-267.1082800530226,-113.65106750774247,34302.493143540836,50661.46172629708,213797.90031150027,72066.99004895434,1799.5317783589112,38322.348364135585,24115.173326192595,8712.796166369679,6073.2642592072725,102011.61499599928,9.725364980762041,-2398.2473186297034,92505.40659165314,3805.543154937848,5952.286489606768,90347.15133340965,2257.052709095596,-2918.9432975026016,-7830.507395863658,6094.150665640959,4.5,0.1567,12.0721,12.0082
2011-04-01,2011,2,75.1555,75.3441,3.28,3.3,1074816.4171026424,71.46897567997333,83.45094093345801,-12.077246831125237,-11840.278249722707,-12035.920283972415,-12077.246846091515,109806.01365001297,120971.8190814381,10073.052907796424,-2091.0451509274417,220467.26557016792,124258.6676004334,4472.907265865623,119785.76033456778,121655.74261375527,2602.924986678145,65567.67929627952,50913.968604062604,7777.019700091285,475.5461990782315,672.339359289303,-196.79316021107158,1546.5035220905288,-371.6707184895465,-699.286604522751,30196.56866284204,48215.66602325943,220666.9659020639,71804.12163194573,1633.7186726386174,36840.23866299047,24191.134661832697,8567.994026985103,4938.278364046578,101851.86546737814,12.523201104340918,-1913.615733880233,99830.72479643239,3221.3040908044673,7006.647334941793,98445.2293873973,1459.1352687000822,-4061.9345638104287,-6577.44298996801,7266.626551198124,4.5,0.0933,11.7296,11.7994
2011-07-01,2011,3,75.8211,75.6576,3.14,3.37,1088704.2922379174,70.84444318833586,76.07530085304442,-4.843251301873125,-6684.307171075035,-6886.634571140407,-4843.251307932148,106687.78434317175,114090.02680526164,16755.91763797427,9242.177948674354,221912.88334495906,126052.83920052857,2329.1111831918106,123723.72801733676,122375.20752450239,3677.6316760261802,66328.67844942768,50981.7176153742,8742.443135726697,3222.718469159326,2131.8154920085303,1090.9029771507956,1408.175777837422,773.2969067155487,1041.245784606355,30453.52308943546,46134.42021160659,228124.03164999755,71861.51172610745,1322.9698121068052,37914.988401381524,23913.659722341028,8964.067518559266,4983.715820869551,104268.99535170436,10.997901704473398,-4739.046586998613,97855.86891551445,2856.882089499365,7050.901170364077,102167.30522317279,-4279.710972774104,-5411.192880071416,-2331.47409126021,7283.331357107117,4.5,0.0833,12.2842,12.9754
2011-10-01,2011,4,77.7924,77.0945,3.82,3.5,1115996.634711697,78.22563064360364,92.079626257362,-14.154740555911589,-14646.303691448538,-21224.75242807983,-14154.74056248309,105416.83500895336,127602.50040598735,1233.5122932289285,-20572.130135553616,222672.7415645343,128753.12641079248,3084.009203807723,125669.11720698477,125690.46174461421,3062.664666178272,67850.74613333198,52464.984086651544,8437.396190808966,3718.705066271057,4318.121615243224,-599.4165489721674,2032.4865935443713,1929.9664568474711,-243.74798412078545,32236.002680351532,45257.829536205376,230058.9469254576,73803.21788892773,1081.3828442527404,38375.709162406674,25909.614439133107,8726.266306291494,5034.546044070107,107328.9614907024,15.040710453914164,-2704.566834155964,99824.41117500243,3374.2025766654256,6271.177590921497,100572.10590442378,-722.6775643844516,-4081.5205697462093,-4415.3949980605685,6515.026298035266,4.5,0.0733,13.6317,13.7528
2012-01-01,2012,1,78.5474,78.4643,3.73,3.88,1095646.9232158328,72.87734699464036,77.8091882542602,-4.190406935042807,-6017.027217998401,-6400.251922623742,-4190.406914914348,108438.55054063605,113514.52200721971,20718.45430191865,14023.25390448327,226025.73148414984,133158.19923836968,5434.590888247505,127723.60835012219,130148.64758109019,3009.5516572795036,70756.026517348,54355.14670821545,8047.02601280625,5139.640309250808,5176.371663980449,-36.73135472964095,3372.57621405359,2102.375174750138,-335.3110795529199,30357.364942888675,44997.11925908569,242703.1961949143,76939.6511093787,1813.8030944789466,42518.192711298754,25568.212141192853,8079.468377013568,4685.007313884534,111953.650044235,14.076686842497132,-5147.501393227836,98546.67037619893,3961.528965168642,6128.046960952346,96673.50325392639,1994.0791868207518,-2759.460873963037,-10507.651877930897,6125.532171845346,4.5,0.1033,13.0034,12.7557
2012-04-01,2012,2,78.4137,78.2562,4.34,3.87,1118425.4682881895,69.93171936217246,76.97328500387462,-7.542603845443887,-8544.845664997043,-11329.619335643762,-7542.6038923655715,103023.56902428679,113455.10268024825,2324.7963357419458,-9958.786410113938,229240.99924390754,134030.8658521555,3269.666490245096,130761.19936191042,131141.45694359462,2889.4089085608894,71726.78595328833,54299.57549757875,8004.5044012884155,1588.741417039614,1703.4222750078668,-114.68085796825285,1281.5723056012025,328.8981161060802,-21.72900466766896,26800.751893508965,42751.487456295225,250378.82134518895,77236.51528836404,1600.1546316125307,41583.93755397538,25957.161697143452,9256.885215770428,4193.03944617321,112025.09073109331,13.608063529247229,-1084.4451631395514,103496.56723890553,3332.9875665769728,7353.866690895816,101995.97205337661,1564.1759135897498,-3416.108655187146,-6704.075293409712,7471.562871867556,4.5,0.1533,13.5419,13.9619
2012-07-01,2012,3,79.4391,79.1279,4.77,4.59,1116185.480708145,72.33776086182895,74.86625113392071,-2.7612913323971062,-5577.902018476877,-7285.516653181567,-2761.291393523788,100867.45939097118,108704.53394545807,20485.633274874806,14420.798688240204,229193.8296259153,135106.9810247084,2582.7608126922523,132524.22021201614,132431.5768733603,2675.404151348106,72088.09789158592,55188.66377996093,7830.219353161534,484.73878964153477,686.4128499701967,-201.67406032866197,-288.0901934380724,952.5439501655492,-179.71496708594202,25230.233391344453,43803.9118012017,256656.68007948974,77926.26696520638,1352.1775973390302,43071.505029563916,25949.09325968822,9251.660956052227,3994.1514873325473,112784.19712823212,13.983900174468438,-3565.3890210356835,99672.63449649104,3008.229999486036,6149.0342225521335,100963.31789281286,-1234.460915911852,-5080.6454070097525,-3507.879890710615,6257.597192596536,4.5,0.1433,13.1721,12.9588
2012-10-01,2012,4,80.5682,80.2642,3.57,4.11,1146959.8508046337,76.94366578792533,96.23454075752883,-19.057057477929792,-21655.43349020495,-24553.867142370964,-19057.057397440876,108562.90838010445,134234.6733139209,2678.5335775358776,-22157.51587777598,231608.8901794822,136447.36440294597,4413.816004858034,132033.5483980879,133056.3121558893,3391.0522470566543,73213.23693034802,54333.23935756396,8900.888115033973,2740.8636145239648,2008.1940337814867,732.6695807424783,2001.3567972851488,-456.24987667625214,1195.7566939150681,26314.352723135307,40458.9671206066,260407.98146743738,79241.4004412858,1088.8570439326445,43550.483292585595,27467.67513974771,8569.227881179875,3838.8369737850594,114861.66614619052,19.10085116437212,-9510.05226610379,103772.03428701947,3631.8809216582895,5843.70932288221,105802.49383571505,-1972.3253484838817,-4992.053341603576,-8394.424973371191,5848.7513973548575,4.5,0.16,12.9442,12.8684
2013-01-01,2013,1,81.8874,81.3571,4.25,3.69,1092633.9566782592,76.046254873813,74.1364973073368,3.4301676445326765,703.4834624431754,-1238.0046007320568,3430.1677128417164,107000.26837439276,107541.6361277244,17835.24459267581,17001.37625082669,229620.50458926553,136632.67743026954,2579.5332177736195,134053.1442124959,133582.93932239723,3049.738107872314,72642.33179712095,55612.26732929352,8378.078303855082,1675.7669910804734,2004.3699487586416,-328.6029576781681,357.46380955319137,2008.909858042353,-690.606676515071,25988.17022921575,38737.7488009723,263765.5946843727,81937.1474970512,1806.8838949171898,44256.76518687095,27465.478328751116,7837.82909909341,3634.5216608456326,116326.41985577514,17.078706353010052,-8980.995054396324,95368.4496561577,4198.6376605352825,5671.165277751204,96577.71718785961,-1100.1933239946254,-3031.839589024574,-10450.602978124874,5601.64083674775,4.3667,0.1433,12.6593,12.548
2013-04-01,2013,2,81.6192,81.7432,4.09,4.46,1137725.5302060854,79.72958446193559,90.0079237299303,-10.038868077407736,-12424.758083673521,-13715.002787308245,-10038.868103399456,112554.03205327711,124756.76684563947,10311.133179217728,-1936.745448842164,233524.645125299,135404.2515693077,2643.1754129586934,132761.076156349,132385.69027623953,3018.561293068155,73367.00062574071,53633.54167596803,8403.709267598959,-1191.8420534810061,-1156.3486638367558,-35.49338964425004,701.2108685815252,-2040.32884677541,147.27592471287898,23025.687262384454,36870.598089379215,265461.87847723503,83129.08952810877,1479.3601519101899,42955.441970738444,27745.225969531773,7390.308066323343,3164.7551022431,111734.70556185224,18.937021913852917,-10012.90677638875,104600.19554119461,3556.968272857498,6811.3824994992965,105572.56941396497,-888.4723020801182,-4445.079467572029,-11430.948789661299,6751.593782924696,4.0,0.1167,12.4816,12.9484
2013-07-01,2013,3,82.1323,81.8496,3.39,3.44,1127815.9636963138,73.47986038637079,83.42189859363684,-9.398756262120143,-10880.259112303274,-11414.878606005535,-9398.756274868005,107092.18293042223,117682.69689234985,20295.581108564507,10076.236556199878,243108.76696163742,139398.969100943,2056.475845049293,137342.49325589373,136000.13879211317,3398.8303088298335,74078.11953064725,56489.74580925847,8831.103761037293,4008.874014787827,3613.228167381055,395.6458474067725,782.25082126018,2811.711675096443,414.9115184312045,21934.1279054865,34856.9803555508,274377.1662931848,82662.75185790828,1192.4266440205747,43057.37555679383,27505.566232747537,8448.911594513504,2785.988237248179,115007.12277175311,17.866488212601805,-6022.965271648744,103654.95097076512,3321.6530036761596,6307.043411504493,104701.73021813546,-984.3319705761338,-4804.125423866213,-6487.210132332656,6252.702255126258,3.9321,0.0833,12.9177,13.0842
2013-10-01,2013,4,83.7701,83.1951,3.97,3.65,1157192.714370902,91.20702659453283,104.57157843543474,-15.291453759607368,-17951.06390339609,-27188.77539790299,-15291.453803225088,107112.62244912155,134205.33104890285,14286.023669795577,-12577.12271964789,258113.21308698505,144159.56118275327,3738.3545778717917,140421.20660488147,140377.24110155614,3782.3200811971155,77401.16137129742,57217.456658120835,9540.943153335002,5118.335217612257,4723.074619424103,395.26059818815406,3438.5312917800725,897.754131316122,782.0497945160627,22111.431184589626,33824.270202195614,289913.4616421917,84551.1317742794,1001.8773111426812,46518.50504037079,29328.31493897404,7588.01694221111,2573.0542738808344,119722.46210518897,17.90790013494892,-9244.27368865882,105964.41328497922,3958.4585174134395,6100.496040083953,104039.82444924253,1977.5768249152018,-3884.1049482230123,-13369.025078247647,6031.279512896638,3.5652,0.0867,13.0299,13.0088
2014-01-01,2014,1,84.9653,84.7392,3.76,4.16,1119759.4158983226,77.62956240260606,82.39740405403514,-3.9824234235313223,-7775.210542835626,-8021.575763383075,-3982.4235059102916,110089.76395146623,116244.36466866307,26680.522581702025,19800.072870048156,260518.62194053162,152181.18898506497,3912.689506665365,148268.4994783996,147743.53942093448,4437.649564130532,78769.69180569644,63496.93485979603,9914.562319572533,8602.69502209056,7924.8081106947175,677.8869113958433,1509.1269536671177,6682.104247499162,411.463820924281,24798.767830329212,32697.253339685343,305402.9199922757,86942.48652900208,1413.2146410973553,44383.102933949005,28986.299397125043,8018.37590006833,3061.4144479906286,126011.08822346055,17.47735473493449,-9622.354432609885,96721.28390443976,4715.765923546581,6050.562665346745,98112.28845102304,-1278.8669932053383,-2937.3324132048056,-11478.381225484609,6072.226199284868,3.5,0.0733,13.234,13.2042
2014-04-01,2014,2,84.6821,84.6748,3.75,3.59,1159896.8445777667,77.30756179292206,93.3409074015454,-14.980573278701193,-16576.30725666326,-17016.605197626763,-14980.57322079834,108934.78893552769,126164.10238317262,12946.616857358262,-4101.8827810843895,273161.38135409093,156463.8607181506,2852.9464578668963,153610.91426028367,152425.34025572144,4038.5204624291287,81534.50236597212,65359.113258126396,9570.24509405207,5031.799112531786,5408.863377037138,-377.0642645053524,3124.9585193571224,2220.195095811105,-313.35450263644134,28098.125109376782,32286.11439748838,319181.454700352,86719.4805232636,1237.517071643375,44627.78713596776,29014.86724022927,8204.036423558682,4028.9798990876943,126239.3560524868,24.593452169030577,-8411.459103381107,107988.62834216814,4234.718836970245,6770.435222440017,106921.67640188035,1147.5119408923945,-3755.7627838826884,-12539.506147204323,6736.29788681351,3.3626,0.0933,12.9984,12.9905
2014-07-01,2014,3,85.5963,85.2438,4.22,4.15,1156676.6153282518,75.99259842176242,89.10885982168135,-13.922871953577388,-16447.8462101759,-16765.56839295062,-13922.871937453116,106268.74615415146,123022.45215852426,25223.04656834349,8740.378208746926,270215.3255022564,154845.8841309734,2563.457555285746,152282.42657568766,150601.43960101626,4244.44452995712,81274.63114712221,63920.962431309534,9650.290552541637,890.0835547102544,675.2285080042392,214.85504670601532,1100.3919641090067,-457.20138875827274,246.89297935952055,30910.68380855798,30904.656870732073,316736.624165924,87478.99356376374,1062.3270936295946,40462.95731961513,29070.141585127072,8475.143412241117,3997.974493602926,125918.06286713878,23.0503937903107,-2778.305023910463,106921.29652578694,3782.0990302830364,6475.096683695094,108740.61546921053,-1755.383701379084,-4311.01904526271,-3179.812060708805,6467.909783440135,3.0,0.09,13.1151,13.2182
2014-10-01,2014,4,87.189,86.6741,4.08,4.18,1192089.4293446133,86.3764847317037,96.05820736532966,-10.504138531754226,-13355.772024559497,-22710.88493305126,-10504.138615183128,101039.96959317788,123799.16981096673,3366.198156996788,-19141.041953444463,274043.1817378794,156524.41817354172,2171.285552827282,154353.13262071443,151440.0653700408,5084.352803500948,83287.09639548874,63136.34959559006,10100.972182462907,2877.7695505617985,2047.6906028860299,830.0789476757687,2619.873741636355,-489.0798447932571,746.9756537187003,32028.899883489416,29973.04734994689,322295.0317917022,88403.99092251626,755.8795780712434,43007.014613777246,29876.906166759312,7707.406518120354,3464.050569536984,129241.41596905718,22.577808179662718,-5575.9494771313075,109352.11064796003,4464.260557484868,6586.343064619655,110466.49614017649,-1078.5639837748372,-3595.3298754321936,-7500.223823357913,6598.168205433635,3.0,0.1,13.8488,14.4727
2015-01-01,2015,1,87.6307,87.3387,3.14,3.07,1152070.6467860765,77.6064511390493,84.48269589069473,-6.888724436347348,,,-6888.7243920694755,103229.0770460662,110404.10538960206,26154.489373933677,17501.769376577446,280928.76137345715,169586.1294370207,3904.8423445433496,165681.28709247735,164681.92484544625,4904.20459157443,87255.5159134074,71851.87307131781,10478.74045229547,13411.853177327866,12822.392686792293,589.460490535574,4003.2102309277475,8991.059532833378,417.5834135667396,38048.42106031314,28379.775359988103,347039.1292324361,91156.73080877823,1530.1434127169596,45006.61540098999,30255.273271865906,9209.2399315927,3530.3615623207497,141226.94518557074,21.33793630898005,-10300.988460002009,96513.7872219477,5188.101022460773,6262.695410947701,98804.92039380723,-2258.2180394750058,-2687.136092260092,-11557.319129598303,6201.684801331394,3.0,0.11,14.9392,15.2136
2015-04-01,2015,2,87.1131,87.1614,2.87,2.94,1187068.072581389,66.3824237250972,84.75664393228674,-17.633893320271152,,,-17633.89329190812,93120.92676734313,109338.84913856101,9878.692294228744,-6141.883861701201,286049.01957819884,172044.80254705437,4001.8452977295747,168042.95724932477,166373.87038888418,5670.932158170156,87708.2839099426,73187.51433511986,11149.0043019919,3132.2797605081028,2334.98374514686,797.2960153612424,715.9133279878461,1580.1805131667793,836.1859193534774,37428.406564821074,27206.825804355165,360609.65482866304,89900.10618290007,1325.7536480840647,46614.47740209318,29972.671537601287,8527.061810221134,3375.897987424038,139573.11028506924,22.041144496961515,-8052.356467611665,103824.41483620442,4722.964489726704,6880.953582568582,105957.3607615948,-2102.1675567704,-2605.2405655056446,-10128.709433827882,6783.761088492262,3.0,0.1233,15.318,15.4692
2015-07-01,2015,3,87.7524,87.4727,2.52,2.61,1195836.2373250844,63.44914014227293,70.3764693513084,-5.623003929775327,,,-5623.003956125789,86438.32505620555,96569.4171291075,13105.58146357663,4560.811150768278,285651.90177860466,172462.82830695173,4422.256439847807,168040.57186710392,167768.8390412226,4693.989265729121,87373.50489815224,75022.22394925481,10067.099459544683,1237.049438103046,2194.2372905761918,-957.1878524731455,-108.94649429274139,2121.9229993063004,-775.9270669105128,37943.25584515777,26741.613774988964,359914.45618044614,89352.06613461985,1180.675961405058,47029.62571945093,29720.32916545795,8597.060764751635,3521.0197908389573,140440.79331294278,20.69138845094701,-8150.07354561439,101231.47258011183,4101.279298152392,7068.496009001796,108279.29519372518,-7034.039456913141,-4282.640054791735,-3815.0049877966685,6981.610953887155,3.0,0.1367,16.4259,16.8519
2015-10-01,2015,4,89.0468,88.6454,2.13,2.27,1218522.2891173386,77.7467405825576,87.59261482905323,-12.532374408295595,,,-12532.37438938652,90595.908131745,106318.92353981898,19540.131913140467,2985.00287607174,286877.5126130501,171254.78519006717,633.4577883172088,170621.32740174994,167926.7035465466,3328.081643520563,87193.66976479691,73503.59119628149,10557.524228988761,-551.636157326236,784.3263182347574,-1335.9624755609937,188.981573514634,-1266.0709662499949,525.4532354091248,32972.85037378541,27452.47690119704,362944.07402086305,90296.3460119746,1022.400870343975,47921.39841509101,30243.914221714873,7870.0795620530025,2815.086411281676,139045.6737563962,20.48180182225642,-6927.339728042897,101589.72753652501,4781.520740960036,6669.626300553892,105666.42114817501,-4063.617236488669,-2281.932786982833,-7168.254841068353,6586.465136496959,3.0408,0.16,16.7501,17.0365
2016-01-01,2016,1,89.91,89.6914,2.6,2.69,1171167.0068816426,61.91736303330213,64.9273070806878,-3.6000705191518407,,,-3600.0705520750207,82698.54864203885,86396.03443935492,21919.60851329424,17533.345054431964,305922.74528228724,185999.86960626475,2263.060530973203,183736.80907529156,182012.0996070501,3987.7699992146613,93323.09333941505,81783.30167193031,10893.47459491942,13383.031334388867,12727.629059430517,655.402274958349,5191.770600068998,7851.727705352084,339.5330289677843,32812.264861345626,26330.818089018157,392392.00419314846,90056.54051156412,1409.896641133805,54610.306449455034,30059.765461919484,8420.397990023392,3437.5870449943063,146715.2431749847,19.543749333864373,-10711.681792026178,89952.45684112525,5573.705085216895,6692.841584872889,94167.78474981348,-4200.379637485234,-2387.986821988147,-10857.341386447617,6734.02605389482,3.4918,0.36,18.0652,17.6923
2016-04-01,2016,2,89.324,89.3916,2.54,2.56,1213931.3812523626,74.20556736017471,78.53176389582055,-3.190004653097686,,,-3190.004624113885,96986.05896891945,96092.3978936966,-5487.692615602572,-4038.4738088619224,305748.19415182306,188546.86121560275,4735.135325228759,183811.72589037401,185196.496990001,3350.364225601757,94624.83736607348,84108.73073565852,9813.29311387076,4596.899263743251,5203.92221152495,-607.0229477816997,2161.680821986419,3247.8662209521535,-812.6477791953209,34758.66639270366,26397.009129959333,406637.462225382,88690.43346497008,947.2157116800762,54850.79059248356,29861.399765641632,10364.350893469547,4221.806872494856,148093.5817547592,19.179074489649697,-7846.394577291329,98251.36139966275,5070.408447961206,7454.578228022816,101470.26931420926,-3200.749281055714,-3545.373041031351,-8619.059847845874,7518.78759264161,3.7555,0.3733,18.0797,18.6506
2016-07-01,2016,3,90.3577,89.908,2.97,2.78,1206374.8025603816,64.71965107242188,72.33848202894885,-7.499264932776679,,,-7499.26488600263,84593.32397089947,93351.88693782123,20122.032468187008,11508.370607873492,304874.4472834716,191142.67701219968,2593.259061998665,188549.41795020102,187581.26372596016,3561.413286239544,92221.25563961754,88198.15061164665,10723.270760935524,3116.0018138820933,2892.66991349668,223.3319003854136,-2207.1244678743515,4306.131249393895,1016.9950323625493,41697.52685177232,25136.63155258499,414194.78635792487,89363.85964309762,706.0001430408051,52072.44159238705,29717.64888871495,10855.913212052279,5268.9630778779265,151371.43998160213,18.36748339618355,-5145.644779520968,99059.68469106097,4631.080896842311,7374.579009032172,104528.66861951632,-5461.095711108437,-2442.5283789805876,-4684.101039005127,7442.0803495731825,4.2609,0.3967,18.7418,19.1678
2016-10-01,2016,4,92.039,91.5207,3.36,3.24,1246279.4718660722,70.32757232581108,82.84635533423983,-13.211453862530535,,,-13211.453883456423,83633.52079600055,102168.0858123062,27517.682720816494,8990.229628649739,299614.22116900515,187686.85513983955,3415.4390803877736,184271.4160594518,184479.13199927314,3207.7231405664065,91420.93912547288,85749.24657394509,10516.669440421585,594.8370598179526,928.7588402596903,-333.92178044173767,1438.9747283880595,-890.8037558989214,46.66608732881427,30721.218610305015,23870.429585602506,414576.33470837167,88604.07039188937,599.6073709671203,64532.76922594039,29660.550296529207,8358.62215750464,4723.022847341149,149523.12151750264,18.770137347811964,-2826.2102005764946,103844.12667513327,5286.788088308744,7379.887764334951,104706.81152085616,-848.8046122617931,-2698.295779685874,-6706.241767041591,7427.131958412763,5.087,0.45,19.8228,20.5156
2017-01-01,2017,1,94.7225,94.1571,5.35,4.98,1211131.309590778,74.76306418733095,60.194669004884545,15.635904243294775,,,15635.904234643818,100733.94295867259,87723.30208896466,7080.529280888683,20408.35303319095,302467.8075361305,192825.06030770348,6728.976151444398,186096.08415625908,189420.4109210872,3404.6493866162873,93209.15072144697,88791.61247853773,10824.297107718765,5690.857753692333,5475.016452066668,215.84130162566507,1976.4513845903577,3588.773550407647,125.63281869432795,29084.821349498852,22541.719983089915,432094.3081768547,89866.59690013617,1104.4360495874323,64339.86174041307,30196.36286178293,8457.663141134302,5139.103128639702,150391.54601649177,17.609190161254165,-13710.752883954503,97530.78993260436,5972.285936059445,7275.722871103085,100387.32289702413,-2824.1309547210208,-4016.4172140343117,-14128.95344429507,7258.748729095902,6.0389,0.7,20.3552,19.3556
2017-04-01,2017,2,94.9636,94.8427,6.31,6.1,1232138.9877736187,65.22118746649856,74.48671140474552,-9.262484237777567,,,-9262.484231130493,90597.86134667986,96178.76189536105,2955.683554071984,-2774.587557546414,305595.35334855807,193828.61248361462,1155.2099313862034,192673.40255222842,190943.21056078977,2885.4019228248403,92029.94164365885,91187.73178539243,10610.93905456333,-1002.5671090037687,-482.82035597247256,-519.7467530312961,-2213.4237835900376,1548.2343413075537,-337.37766672128464,26528.17050876618,22077.151066074064,437106.50500409637,90433.77498750616,1002.3613909143045,62725.91409470752,30178.12371108471,8312.450840979845,5223.696586719646,149453.36912338197,18.308909962313617,-2790.0093174051617,105594.25496357735,5459.03150837373,8036.456826163266,105909.37907597084,-313.04821012412134,-4006.120082397278,-6530.194537723548,8059.353512839786,6.6456,0.95,18.5692,18.1612
2017-07-01,2017,3,96.0935,95.7367,6.35,6.48,1220755.1226470615,64.11353232689471,68.67077387617084,-4.516902758950622,,,-4516.902816964757,92080.66829717078,96749.43281727162,17343.378844328996,12363.64742252443,314673.5238528744,198315.0349500789,1944.1024614023572,196370.93248867654,195793.2604235039,2521.774526574992,92782.75319319818,95145.95709617714,10386.324660703584,4244.553754785211,4599.878890034938,-355.3251352497279,555.2531067688055,3834.460844439371,-145.16019642296578,27997.184259459325,21158.17351021457,449090.84204380994,91638.87446623752,894.1990943262383,67458.44109777526,30766.898134226438,8208.921714359098,5335.302621418991,153038.36172361355,18.63128049998573,-5244.476144488717,104266.97314741302,4945.282219394697,8079.535705903199,110464.1598284581,-6225.985233531908,-3619.8465101419974,-3493.731035641369,8095.086634826556,7.0,1.1533,17.8221,17.8192
2017-10-01,2017,4,98.2729,97.5554,6.77,6.59,1264276.839563015,63.047473742903136,77.8629885720632,-16.171727194557928,,,-16171.72716936396,89174.71836695567,105694.35223413134,-2476.1576858164235,-20046.45221000131,311358.36962188984,197010.6401895607,1662.7684544602714,195347.87173510043,193707.3452969807,3303.2948925800347,92494.49135004685,93213.3451932346,11302.803646279233,-202.00625799666992,-998.1485689247219,796.142310928052,47.937131108309806,-1467.4652698812888,1217.521880776309,28440.328017499985,20327.6795094477,448346.84670136106,91527.72535212313,861.8527427650783,66182.49070438107,30432.35956317454,7948.423209318944,5426.44261677329,151015.77538488506,18.992041350114263,-256.9017978234046,111930.59811105953,5482.815846088102,8299.614311399482,113786.11141041103,-1883.0609648633292,-360.45097144785467,-6315.942230536775,8302.552369024555,7.0489,1.2033,18.9466,19.1265
2018-01-01,2018,1,99.4922,99.1528,5.04,5.31,1224762.3769404555,67.64883320187103,73.9533242813562,-4.9383936034562215,,,-4938.3936077534045,98427.85473655096,101579.94005584107,16261.106916120141,12573.504393988707,318424.20535111934,204051.323083433,4497.74490938747,199553.57817404554,200689.2187302213,3362.104353211714,97090.31835132657,95635.31665612693,11325.68807597949,7076.7044448603865,6996.939694905509,79.76474995487756,4517.988236080564,2681.0825865515094,-122.36637777168716,30173.534497135555,20262.462176037647,464631.17918318365,90920.13223265792,1470.209368486493,76060.12045697325,30394.901820873965,8500.585802009451,5564.094874693334,156806.41997379554,18.027639194347323,-12187.713480626704,106047.42239131642,6272.003337394664,7384.421076505574,107788.11382547376,-1778.318800232851,-3119.6079373888356,-14621.308086101795,7331.521343096778,7.3944,1.4467,18.7496,18.6604
2018-04-01,2018,2,99.3765,99.1751,4.65,4.57,1267756.3392830463,64.13982790640132,72.90476599201558,-5.925463389035879,,,-5925.463376131323,91363.13563529022,100532.61432578824,5037.41705134482,-3510.73302634494,313788.9819978937,201240.0035443735,5118.07090043442,196121.93264393907,198181.782139908,3058.2214044654716,96406.14510050703,94101.78614044256,10732.072303423902,957.603636523203,1251.8964695885973,-294.2928330653944,1216.7375913020237,28.147136178140173,-287.2810909569609,28636.655945053237,20004.29989987195,466966.99926000985,89044.11638988508,1329.2259682701783,74057.21880731932,29977.902042652157,8686.646962649445,6674.276977529032,150563.53896537004,17.42918752667754,-3892.567489584568,114070.1398435569,5363.388573985742,9288.837665249875,116817.16911479822,-2787.811697918591,-3439.4973695242384,-6912.431486394379,9247.17306425264,7.5275,1.7367,19.4055,20.3168
2018-07-01,2018,3,100.917,100.4394,5.02,4.91,1254326.5718194323,67.79457247800393,69.47451053399901,-5.482800446845183,,,-5482.800390380828,96049.26200363986,99638.93944424615,11694.82032873775,7237.898008954509,312461.95922663005,201340.85535421738,3527.2566074306783,197813.5987467867,196947.0239796493,4393.831374568082,95776.36536972609,94787.37669062949,10777.113293861805,1147.0193527260785,-190.55466327796904,1337.5740160040477,21.649404152523182,1179.0445081775067,-53.67455960395149,29242.059699175832,18877.881353642566,462801.706972634,90102.72497917383,1118.0869692964393,74028.49134670272,30155.02604664007,8867.07715330855,7152.484251164479,151311.57652872163,17.459196897196115,-5793.94727475115,113722.24685828129,5078.620384013173,8667.166169266484,119464.1028252819,-5789.902640284215,-3529.501841195958,-5115.1788059716,8640.636012700623,7.75,1.9233,18.9765,19.0382
2018-10-01,2018,4,103.02,102.2543,4.83,4.82,1278647.137992722,66.28452209079009,74.05237586891185,-9.21259768638031,,,-9212.597688884236,96112.90839713957,106751.486688096,3411.746331423713,-7880.752905935835,310062.09137710667,201064.91071757858,1041.3170617820356,200023.59365579655,196940.6791065684,4124.231611010206,95234.4070388705,94087.36847386936,11743.135204838729,960.1380503816613,1221.0634897175034,-260.92543933584216,-41.8315346383814,-75.51535944220869,1077.4849444622514,28636.02047437587,18439.75779032175,463701.3691186771,89998.60920933398,888.3984589115631,75108.3713997412,30021.92604477051,8745.07607266799,7330.554155537354,151624.2099922441,19.673738380996475,-4110.464906616365,116799.41368637297,5816.550616038623,9083.975571066003,120141.53271964022,-3393.546424858354,-3750.1082017336976,-6003.692015712102,9036.88173568779,7.9103,2.22,19.8413,20.1477
2019-01-01,2019,1,103.476,103.221,4.0,4.1,1236312.4842119757,66.82636299567412,69.59748378024075,-1.2630311361438833,,,-1263.0311416122563,94976.4791826043,95470.6343311183,5875.216588806114,5193.1104684460915,307838.44652907236,204437.67175925503,4098.980323209548,200338.6914360455,196636.00302378327,7801.668735471752,97072.68960918601,96002.53298344949,11362.44916661953,4558.100209035766,880.9790168346804,3677.1211922010853,2421.9490631540593,2537.7943354464937,-401.64318956478735,37443.68926826959,17117.055635414796,467136.29939065233,91493.4861617403,1505.0966600320726,78057.8129218701,30420.33427837934,9372.070814187071,7678.985718279251,156842.80514919947,18.72947516105226,-11411.86123528716,107118.58054417379,6981.150731813519,7999.266873616515,108876.29323013997,-1799.283855080216,-1443.330288651945,-16139.529861552246,7970.282769997249,8.25,2.4033,19.2093,19.2419
2019-04-01,2019,2,103.299,103.3543,3.95,4.21,1255239.2875414593,68.2444748911302,73.37359977212266,-4.907728705149461,,,-4907.728674552872,95331.85367525936,98379.83267366428,4313.622369635604,168.8314109795874,312720.2725865892,205318.41003236076,5696.402919325308,199622.00711303545,197158.40261759184,8160.007414768942,99451.49221088826,94918.86524416841,10948.052577304104,1639.6157060080288,1088.1255969373497,551.4901090706792,2673.831816721559,-652.6195832277713,-381.5965274857589,41416.356291348784,16726.401850688613,464923.4759421581,90788.29679970538,1282.3177973129332,78115.04228826419,30550.840317953043,9333.030615011323,8694.085153289228,155378.2556692071,18.592870248726072,4975.540540287741,117323.42342384512,5915.1170447657405,9537.823443951742,112395.38119692077,4883.1370660932835,-1411.7779597778222,-8010.992407607404,9515.173841579684,8.25,2.3967,19.1306,19.2962
2019-07-01,2019,3,103.942,103.7663,3.0,3.31,1248486.084063352,68.30146935201205,71.22273311987021,-2.0335106412787787,,,-2033.510634215311,89157.42128381762,94536.85431803753,8924.54264905117,4995.0404360749535,306865.5865330848,200692.35426862762,1502.0513312411815,199190.30293738644,198096.3420585655,2596.012210062114,99709.77370292658,90881.11622422124,10101.464341479797,-2350.785342810061,3195.205087222167,-5545.990430032228,1395.0771160584588,-2989.3949335388174,-756.4675253297027,38709.958167202065,16347.836823803673,466602.5046309361,91804.76160187591,1056.9954534094873,89125.6997490459,30654.82917940094,9282.43994237688,9150.462587990129,146155.60508832856,15.296038101287571,-249.03340889796593,114080.51621937202,5407.316671170363,9845.087658655413,115099.69810166766,-1077.322651616352,-4168.36011132372,-4832.630375772322,9829.279729814427,8.1087,2.19,19.4341,19.6033
2019-10-01,2019,4,105.934,105.261,2.83,2.94,1265719.9388875824,71.18822000646288,81.10692278369976,-11.793636134376866,,,-11793.63613892489,89326.12502066839,109225.39819755005,8030.7358170018215,-11177.540868477512,308072.8206011912,199296.3045502311,950.4056875465319,198345.8988626846,195679.68034592536,3616.6242043057455,96952.5774101548,91239.04337212279,11104.683767953531,-1430.330862622534,-2462.914851602246,1032.583988979712,-2845.7644739189104,441.8544216869339,973.5791896094429,26542.42295104852,16266.630036294828,464362.2210876427,91580.70647606713,867.15634190036,88958.7902426635,30625.730329251463,8259.016661690346,7929.91398533472,143242.8161926883,16.747236784960915,2766.0670477751078,113823.81677306621,5842.904055714595,9193.730911811052,110741.16263482404,3036.025641302626,-2230.1046359769803,-7196.22242672087,9156.368469170333,7.5842,1.6433,19.2679,19.1406
2020-01-01,2020,1,106.838,106.7247,3.25,3.39,1218602.9921180052,71.19999470143881,72.0767296237676,1.3108213515573068,,,1310.8213515573066,96032.04298328674,97418.49648632143,10737.292013161406,10795.94383673456,315785.3530120948,204125.5930109743,3077.6022524222335,201047.9907585521,200753.34735521665,3372.245655757658,99157.06148685112,95483.57520963924,9484.956314483943,6914.272660161016,7150.802333302855,-236.52967314183866,3024.145382077216,5011.848394107565,-1121.7211160237648,25944.142359679212,15258.78340131341,480014.17243168625,92275.09579188954,1471.761747974443,94509.7093938075,30328.963978759828,8133.205725523634,8463.066631463851,149483.8428882367,15.134794507845294,-6824.130691412436,105094.48891105645,5813.528675901732,9340.147023630983,101648.88024945943,3413.588425079545,-1037.7280203909936,-18628.31100514648,9428.319909045495,7.0534,1.26,19.9341,22.2018
2020-04-01,2020,2,106.743,106.22,3.33,2.77,1000496.4665745995,47.86442252791085,60.48688669126964,-13.44193220359722,,,-13441.93220359722,57590.3530987665,69629.32525840827,16080.26137002762,4078.482215575061,326971.0481940522,214830.5084181325,6124.060230713406,208706.44818741907,209525.4127748818,5305.095643250668,106901.28265435521,98898.27723182933,9030.948531947937,7694.681274093614,5660.545281163674,2034.1359929299394,6195.091373901644,2091.646725414762,-592.0568252227928,32602.21700950479,16681.737458250747,500637.8824337085,92120.53453580293,1283.7531988903283,100317.72440770685,30771.083125107307,8793.2636307415,10602.647289224793,158467.5412332418,15.28394253429682,-347.753798586343,72879.34904049874,511.4437023062094,9949.358524555115,74016.9563970842,-1141.2756830658313,-3917.0503864087045,-5383.422900701562,10093.995171589755,5.8132,0.06,23.3372,22.2575
2020-07-01,2020,3,108.114,107.8083,4.01,3.9,1147016.4536869468,56.3339330070563,57.457426070535696,-0.6658709300758683,,,-665.8709300758684,65987.18847303076,74711.16878889756,7783.0101905157535,-1138.3396486884544,328305.01239383285,217330.44106337562,4464.68352870452,212865.7575346711,208869.23081519676,8461.210248178842,107721.6903433355,100924.06897198666,8684.681748053468,2850.4966739534375,-364.4125628644725,3214.9092368179104,700.4431797110582,2449.3716280146336,-299.3181337722541,40956.50423775019,16158.723355043625,501071.72980730777,92081.2038865707,1016.8098544360362,99906.87165071079,30570.649329402764,9019.646831090507,10969.767435978218,159180.38640809344,14.336273073881427,16398.54249935506,107561.13474024613,1550.9360219428095,10613.84649950885,91861.38716766282,15700.722178580885,-4213.642685049179,-5805.3759836692425,10716.838989492597,4.7253,0.0933,22.1109,21.6688
2020-10-01,2020,4,109.271,108.967,3.15,3.52,1221459.1451277006,67.82364168088569,82.3466261674989,-17.199428675504528,,,-17199.428675504532,81688.6094597782,100779.14366198638,3048.922003586671,-17236.64834921283,323694.03164597356,215089.406539338,2045.2086733363117,213044.1978660017,209225.45461434356,5863.951924994413,108036.82014107432,97047.04351172957,10005.542886534102,-3516.3707580990067,-978.8480588554464,-2537.52269924356,-714.1801616290574,-3949.1489330694835,1146.9583365995336,38558.227239602944,17603.396526315788,499710.7819550604,94372.66673626758,833.242246209824,103616.03917021479,31536.160918387533,6798.560437075101,11380.623407806963,160363.74075797133,15.964706010022022,16667.483296712973,118695.7907507644,2770.0398722702475,10544.808762747367,103705.4636436443,14991.796631379906,-2905.6800518709024,-6029.762542618055,10611.129259822024,4.25,0.09,20.5757,19.9756
2021-01-01,2021,1,111.824,110.9803,4.67,3.99,1186982.6076450283,73.31517335391231,77.9598485755436,-3.891664974257662,,,-3891.664947074972,90656.95887273244,98881.08238479964,16846.836749987673,9251.957137541482,322725.8609981683,218126.69057421765,5414.679057883168,212712.01151633446,210180.88878971105,7945.801784506593,109405.92293981867,99215.82091373717,9504.946720661797,7205.605510840533,5066.721102913943,2138.8844079265896,3680.412425179412,3830.7752086759656,-305.5821230148447,40736.791910337924,17291.14874257167,502608.88697979547,94926.62490724461,1447.9202805985396,106737.57869893398,31373.542353604473,7100.665810135529,12111.488905505154,165817.2017970215,14.188761710567736,-8872.94308796942,106615.0011294771,2818.8940322605868,10410.174202527929,107959.67388585114,-1356.0114596104522,-3822.931359334077,-14084.751154733618,10390.750885708729,4.1167,0.08,20.3186,20.7781
2021-04-01,2021,2,113.018,112.5423,5.88,5.95,1227631.6147631176,63.8626176413262,71.53707225737189,-6.921885853408363,,,-6921.885856631971,78858.30511186719,89483.74351243363,4586.876375995442,-5521.484767526756,318164.3473757631,212055.83839555984,5020.373218131429,207035.4651774284,204869.4175074683,7186.420888091553,107027.25119815473,96051.42768688123,8977.15951052388,-2771.2788057919497,-2343.1806460280563,-428.0981597638937,-879.5692262630951,-1467.8185429773164,-423.8910365515384,40350.79920458113,16973.030904672603,493810.90006695717,92422.26971227655,1257.9298404942542,103031.5125543135,30456.76730864461,6383.79527080109,12298.356065984146,160777.45735920686,14.304218922008243,5715.580272214426,116312.46935911504,4530.539247127889,12575.008477131123,113711.7744409238,2627.5715507947934,-2965.5976483231193,-6503.955059911362,12557.561429654113,4.0167,0.07,20.0115,20.0308
2021-07-01,2021,3,114.601,114.0607,6.0,5.8,1205862.8352576036,63.92924853526552,69.55326397578757,-6.01217706982734,,,-6012.177075342408,81269.47050805316,88548.75199557476,16066.771128364422,8195.583918685703,311244.6300901841,207884.360151907,11568.638543520563,196315.72160838643,200273.888351316,7610.471800590966,105967.91563587527,93482.33614960563,8434.10836642607,179.89157481930818,-357.11468126533765,537.0062560846458,1265.2220735373337,-729.5040435639258,-355.82645515409956,39809.22337023108,16079.086223568056,481581.89192319394,89509.26279024601,974.0829723975428,101781.64085510574,29671.34395554193,6152.475891121945,11699.761558414431,158765.6787726636,12.698228810774696,-3258.050617933994,113344.29834882412,5045.0376315790045,12724.904921362711,122606.66617250162,-9239.272620055255,-2298.2850843932247,-4453.442027536112,12732.949114050596,4.3832,0.09,20.0214,20.0248
2021-10-01,2021,4,117.308,116.5843,7.36,6.99,1244576.7185074226,71.14191288807916,88.03607473007366,-16.952815232340765,,,-16952.815231038312,86437.6907884544,105483.61141161136,2784.84887260662,-16271.945425972932,301430.5716145752,199671.96755577295,2895.50704412324,196776.46051164973,192161.21687868802,7510.750677084953,103457.61984427585,87497.19582632708,8717.151885170028,-3044.60673790121,-3103.6159822665095,59.00924436529938,235.58652521413418,-3775.870915783859,495.67765266851484,39182.858982154095,16437.813309386507,462914.5490210582,86590.34536253914,786.2193520243783,97244.98245277807,28490.92444585832,6283.80884653379,10990.764556997601,151216.90942961737,13.423476962487952,1966.161322145283,121983.84869044129,5834.733877936635,12893.017520643047,123837.65968790467,-1870.2458900404147,-2444.611670067264,-6627.654926960765,12908.673809213728,4.9674,0.08,20.751,20.9344
2022-01-01,2022,1,120.159,119.0473,7.45,7.27,1218176.3273567709,73.80410704108067,77.56783476481907,-2.5139066243678894,,,-2513.906626516918,95941.3402405774,101059.17598097224,24616.496250473952,20158.378233293744,297909.3723269642,198942.75811389604,6633.2588556453,192309.49925825073,191634.24625368917,7308.511860206851,104937.9311873489,86575.89788563125,7428.9290409158675,4612.612723718425,4654.221002850677,-41.60827913225221,4426.874070897121,1306.4294422457153,-1120.6907894244116,38398.50893316709,16529.594110357226,456772.9555667183,84952.11716186836,1296.8207506664453,96790.28964693038,28213.586764482166,6325.780725108656,12739.80273710584,151540.34980621017,11.812519923139398,-10208.703861057538,116503.50244771304,5964.690017492607,11085.843332788367,120717.01155520145,-4256.358903621336,-3170.650459998946,-13823.238726051262,11041.544228614004,5.8111,0.12,20.51,20.5796
2022-04-01,2022,2,122.044,121.2917,7.99,7.77,1263274.9278772138,68.19176923151045,73.46247661263786,-5.03982039711625,,,-5039.820408710267,96936.41768998142,106286.67228755789,6504.179318118624,-2839.2762473268094,285016.71431659756,189409.8205411605,3644.4386732773073,185765.3818678832,182132.99661804692,7276.823923113584,99162.3093070142,83010.89408779671,7236.617146349575,-1810.1659131976232,-1946.0252145543818,135.8593013567586,-1267.5035707060836,-559.8815188358689,17.21917634432935,39224.68104121021,15640.005681790906,433589.36404778314,81016.74127535993,1110.6368742092432,93434.43639195476,26819.814210991903,5819.306741447826,13648.17745816061,146791.15374660122,11.192464623814079,-1583.6584439505796,128080.86474659952,6060.635121681931,12977.273151752428,134977.06480333343,-6955.567199051121,-3044.604895183934,-4516.000505690094,12932.51415597457,6.8306,0.77,20.0499,20.0038
2022-07-01,2022,3,124.571,123.774,8.7,8.52,1262200.5108291358,66.4038340110707,73.33345455358997,-7.239293463861519,,,-7239.293462182879,100491.59347655714,111427.93320076707,10005.219306009003,-1337.1354908279775,276250.9731039691,184592.07466346616,3667.572060397756,180924.50260306842,177664.54240434823,6927.532259117925,96721.34089417872,80571.02307486664,7299.710694420789,483.1521879296984,744.1869261147201,-261.0347381850217,656.8354577377012,-367.25004506369265,193.56677525568995,37601.323274241055,15964.33056835525,422724.43045702146,79176.45858167244,924.4130588264491,90542.94094586378,26567.167362211698,5214.916651006235,13057.175132963273,143425.75782359848,9.941752723843601,-5405.058306359343,126612.20868562971,5674.076590627532,13240.007689888278,137784.41645576034,-11204.274560450169,-3271.119046304139,-4142.793689237139,13213.128989632101,8.1621,2.19,20.2479,20.0752
2022-10-01,2022,4,126.478,125.917,7.82,8.01,1301883.6876355184,73.30386960512162,97.91356401894328,-25.749217804167507,,,-25749.21784177433,97812.07664233322,126820.45654791474,3311.9866999650053,-24989.53499521922,270155.54885594005,183203.62189055217,1067.410166053412,182136.21172449875,175821.17125040342,7382.450640148745,96791.59971890408,78740.2797385245,7671.74243312358,-2899.8158439745616,-3409.8408921881196,510.02504821355785,-1358.5526189425962,-1880.018110263039,338.75488523107333,38465.12511069297,15162.62492007214,416139.1359778112,79452.95204735929,792.418926962183,88198.9184398573,26823.380677669895,5230.97436881278,12876.555200419882,139010.72116912995,11.776926727675756,724.1000311783797,124303.39560118594,6337.302810039885,13154.446760921724,126128.94626654254,-1862.4611309880988,-3783.4828719822635,-6744.682525327621,13114.726559476363,9.7527,3.6533,19.6843,19.5894
2023-01-01,2023,1,128.389,127.9237,6.85,7.46,1265414.462596576,77.82329237792977,83.36046718876705,-4.402882834918123,,,-4402.8828350966805,103321.81284320356,112160.14699227545,29411.718650551084,21154.532437447866,271515.84920858813,185037.856694851,3062.965098635974,181974.89159621505,177635.63546069778,7402.221234153225,99535.19430329525,78886.69112597183,6615.971265583931,2771.258106797997,2701.7286323216113,69.52947447638547,3173.511960932961,697.9625423456826,-1100.2163964806464,37548.83412085328,14303.229997620563,422927.6180206403,79443.01029045736,1261.2013068090641,91735.30449210083,26411.529534792357,5413.711611598374,13325.815658578425,141605.27837595108,10.67119032731096,-17329.73078521289,117604.10645740034,7422.275385376787,11646.866964718078,121734.78584110286,-4184.739036980964,-3694.8256894782103,-21042.912040861687,11592.745982107972,10.7806,4.5167,18.676,18.3887
2023-04-01,2023,2,128.214,128.2203,5.06,5.71,1307260.8055042748,80.47846770124528,94.42233619604657,-13.84065113242689,,,-13840.651136634331,106322.10049074543,121318.62700953572,13246.115548619455,-1996.5748438827893,268048.81900440855,182465.34794286988,3289.85134888105,179175.49659398882,175126.7798008949,7338.568141974989,98936.85471237749,77789.16987689407,5739.323353598316,-795.9397865255808,-768.4650507045689,-27.47473582101194,600.2236714150589,-511.5928218237826,-884.5706361168573,36330.786585727576,13174.96337845899,421288.66151473235,76963.85198429482,1078.8799123449778,90612.17526906762,25417.109822657596,5281.190409305779,13190.76962707891,138622.20723557658,10.427158775444289,1440.0025701234156,124746.97573501356,6139.011681522256,13461.920577954805,126424.43166217662,-1658.3264743545667,-4575.616487042631,-5745.591324798755,13419.536856319366,11.25,4.99,17.7019,17.2688
2023-07-01,2023,3,130.12,129.499,4.45,4.63,1307812.000067556,83.24351201911423,95.01564357949513,-12.03621648985644,,,-12036.216481199073,108857.63052535312,123823.04966182224,17924.36195716152,2809.4822970308874,261787.36540456818,176606.99749021648,2182.786618191165,174424.21087202532,170223.63477476427,6383.362715452219,96680.28288875068,74131.71314142813,5795.0014600376635,-3121.9001211161417,-2941.067851288547,-180.83226982759464,-574.823449370294,-2673.183386230881,126.1067144850331,34595.00184936288,12371.011257865195,414265.644016514,73972.29521934329,835.8979877511498,87542.34585618328,24544.042358246734,4963.944263538704,12600.743724070851,135169.90641877428,9.107251338867062,-865.6508035440631,122978.82326938756,5311.055034034395,13827.666483201916,127589.03778855919,-4608.30304987793,-4873.719234858812,-5155.880737449551,13772.252218642228,11.25,5.26,17.0589,17.2841
2023-10-01,2023,4,132.373,131.4757,4.66,4.41,1334252.306149307,85.56539745189949,104.84899340081972,-18.953129867616745,,,-18953.129867152657,113115.21533012968,138157.70293635153,407.0232199159106,-24501.21019356963,260326.14192660697,175278.27478114606,1655.1829341518157,173623.09184699424,168753.69407404203,6524.580707104032,96887.97010562751,71707.48218935072,6682.8224861678245,-1845.20344330566,-2014.6900037859325,169.48656048027257,-417.6051069525947,-2289.94269671976,862.3443603666946,33718.61785224046,11958.743552502772,406920.28305708646,73070.87119413722,713.9621360231483,88188.99090505422,24535.053759755538,4598.62669580032,12102.725644987695,132886.18219632766,9.126199410476216,6116.670519049158,123290.51642107034,6437.025781718518,13223.144160610593,123027.98255372564,230.50853349432,-3008.716699606648,-4258.360524387265,13153.23920954875,11.25,5.33,17.5579,17.2099
2024-01-01,2024,1,134.065,133.767,4.42,4.57,1284695.659329452,88.70866321606987,110.46338851260977,-21.518275471473654,,,-21518.275486675237,114581.0866337162,139304.02581252367,40119.060746489915,12892.429233513745,268769.6970843253,179279.08878605202,1620.8155218061943,177658.27326424583,173212.3955862381,6066.693199813919,103583.4591659762,69533.8175698316,6161.812050244233,6602.281769342165,7016.266783057123,-413.9850137149583,8415.5958814929,-1341.6764165960105,-471.6376955547243,33742.16062633251,12042.789328165347,419313.12276800984,74934.67881663331,1184.0601211461183,91053.52890008072,24902.567220553035,4356.249559181198,13399.080780353792,137303.73761194653,8.55908161766834,-19847.440575116434,115932.18317703874,7918.637561680455,11371.178072497702,119953.02655143943,-4052.3850686220126,-794.5622362090442,-26269.601724345517,11269.108454060139,11.2225,5.33,16.9974,16.8213
2024-04-01,2024,2,134.594,134.339,4.98,4.77,1336463.3711864823,90.74845930194392,104.26933008034479,-11.348305721186914,,,-11348.305725837236,115231.59537423766,128887.93588456507,23345.295788739648,10898.115641694312,259751.87281794596,175643.60395204023,4078.1978270219865,171565.40612501826,170350.47192743007,5293.132024610157,102147.50340268738,67864.28827413773,5631.812275215138,-1722.353081220117,-974.9788791391769,-747.3742020809401,-175.87634136318295,-1121.9835912772135,-424.4931485797206,30445.373614826996,11646.654831483882,414964.06735396106,73245.87976273493,1037.5340757936606,90363.14693959354,24208.05911558448,4173.714800375178,12390.019085061329,133767.07013830706,8.34069288726449,-730.8129479476582,125191.36058517048,6232.442455118211,13829.388073762006,129952.01876590915,-4758.6801677767,-1664.216958491061,-8020.45541156195,13712.539589882055,11.0,5.33,17.2459,18.1559
2024-07-01,2024,3,136.08,136.032,4.58,5.04,1328995.4871389798,76.18003143941878,90.31942116159654,-12.389478657199914,,,-12389.47864791849,99921.61868037087,118957.62889662532,22415.489114842017,9606.564344483773,262774.05975578964,179622.37247042064,3940.929165941682,175681.44330447895,174213.5251136282,5408.847356792439,103025.04740161776,71116.86804799331,5480.457020809551,2991.781431714884,2872.698396686429,119.0830350284548,-122.04013052916139,3232.345146772366,-118.52358452832112,32865.23931635312,11704.503677796782,415586.445358804,72126.35651473454,838.5363782003676,90302.02412757759,24214.935761786142,4956.3318236843115,12856.092571571953,134974.70601375212,8.23191450196701,-1655.2033272505546,124743.86048893744,5345.730099418383,13613.26408025032,131582.12385394645,-6832.608824575276,-3290.2707458635773,-5065.668832192153,13533.345075380454,10.8462,5.2633,18.944,19.6321
2024-10-01,2024,4,137.949,137.4003,4.21,4.51,1339021.6932972511,73.78463387943623,96.98174425719569,-26.726140425966143,,,-26726.140446896134,105567.4897760124,132044.46032862316,16950.135609764337,-12770.622260960467,258684.58145108132,175349.95917086487,2158.7159526061064,173191.24321825878,169656.2893256327,5693.669845232179,99254.92436658608,69975.93616935688,6119.0986349219065,-196.88872944432276,-509.19772534371793,312.30899589939514,-795.328928851241,-107.17029551945208,705.6104949263703,32878.83128432967,11293.416944428065,413177.58285033115,69169.10487718195,726.3147489090328,89686.86192071323,22818.705668133225,4395.96528238783,12588.10709481517,133826.42757230293,7.774011073949893,8584.857861786066,128443.21285930894,6893.075285679221,12998.93780446711,127704.71353794113,735.2220505577444,-1488.3383174257076,-3592.568761694029,12930.542890348059,10.3379,4.65,20.0875,20.2428
