periodo,debt_to_gdp,netdebt_to_gdp,lt_share,ca_to_gdp,goods_to_gdp,priminc_to_gdp,infl_yoy,fx_dep_yoy,rate_mxn,rate_usd,st_share,usd_share,hhi_acreedores,hhi_fuentes,fiscal_to_gdp,debt_to_gdp_score,netdebt_to_gdp_score,lt_share_score,ca_to_gdp_score,goods_to_gdp_score,priminc_to_gdp_score,infl_yoy_score,fx_dep_yoy_score,rate_mxn_score,rate_usd_score,st_share_score,usd_share_score,hhi_acreedores_score,hhi_fuentes_score,fiscal_to_gdp_score,p_solvencia,p_externa,p_mercado,p_liquidez,p_fiscal
2002-01-01,0.10198794261091564,0.001481087507518511,0.9419804400977995,-0.004522302605792465,-0.0017853648057080682,-0.004967057442056929,4.75,,6.064491176470589,1.7333,0.058019559902200486,0.8756207288597659,0.3639931405416011,0.4125255606929721,-8.748502254646154e-07,50.0,36.95652173913043,3.260869565217391,27.173913043478258,45.65217391304348,46.73913043478261,33.152173913043484,,42.934782608695656,36.95652173913043,2.1739130434782594,19.565217391304344,96.73913043478261,91.30434782608697,75.0,30.07246376811594,39.85507246376812,37.68115942028985,52.44565217391305,75.0
2002-04-01,0.09293150916627019,-0.005547873994935706,0.9449518922386145,-0.0024226845316995724,-0.0017794493758177003,-0.002155169795921179,4.77,,6.064491176470589,1.75,0.0550481077613855,0.8711122514432328,0.3697444160671121,0.4063901564386803,3.820437938560746e-06,72.82608695652173,96.73913043478261,4.3478260869565215,48.91304347826087,46.73913043478261,88.04347826086956,30.978260869565222,,42.934782608695656,33.69565217391305,3.2608695652173947,20.65217391304348,92.3913043478261,95.65217391304348,90.21739130434783,57.971014492753625,61.23188405797101,35.869565217391305,52.98913043478261,90.21739130434783
2002-07-01,0.09790137319393884,0.0010295088058421323,0.9465211494340292,-0.0033649841499972847,-0.0019500599840394425,-0.0032725117815410026,5.25,,6.064491176470589,1.74,0.05347885056597077,0.8807557262552128,0.38086351167565274,0.4058033258837014,-1.3352745587434677e-06,63.04347826086957,44.565217391304344,5.434782608695652,41.30434782608695,42.391304347826086,71.73913043478261,21.739130434782606,,42.934782608695656,34.78260869565217,4.347826086956519,18.478260869565222,91.30434782608697,96.73913043478261,71.73913043478261,37.68115942028985,51.81159420289854,33.15217391304348,52.71739130434783,71.73913043478261
2002-10-01,0.09908838734780885,-0.0007618499143315071,0.964608383099821,-0.005062974499259378,-0.003946322713303589,-0.0026553518711875,5.34,,6.064491176470589,1.4433,0.035391616900179015,0.885635406080583,0.38266460667878943,0.4160301981208623,-1.09916918357961e-05,58.69565217391304,68.4782608695652,34.78260869565217,23.91304347826087,13.043478260869565,78.26086956521739,19.021739130434778,,42.934782608695656,40.21739130434783,33.69565217391305,17.391304347826086,88.04347826086956,89.13043478260869,17.391304347826086,53.98550724637681,38.405797101449274,34.05797101449276,57.065217391304344,17.391304347826086
2003-01-01,0.10936815795585064,0.0028770717816786963,0.9499465319067026,-0.002272659579917973,-0.00018333044369218642,-0.005558147032022609,5.44,0.18704120261151025,6.064491176470589,1.25,0.05005346809329724,0.8918869042890576,0.39493465154131024,0.41082194876890565,3.366498994089922e-06,43.47826086956522,22.826086956521742,9.782608695652174,51.08695652173913,79.34782608695652,31.521739130434785,17.391304347826086,9.090909090909093,42.934782608695656,43.47826086956522,8.695652173913048,15.217391304347828,79.34782608695652,94.56521739130434,89.13043478260869,25.362318840579714,53.98550724637681,28.223814229249015,49.45652173913044,89.13043478260869
2003-04-01,0.10144308104869226,-0.0026002926516935365,0.9491647540963135,-0.0006411532166993276,-0.002088538841478924,-0.0020759238994107546,4.74,0.10430199520474859,6.064491176470589,1.2467,0.05083524590368636,0.8910833847375637,0.4116343114893505,0.4334708991219155,4.319560926715326e-06,53.260869565217384,92.3913043478261,7.608695652173914,71.73913043478261,40.21739130434783,90.21739130434783,34.78260869565217,21.590909090909093,42.934782608695656,44.565217391304344,6.521739130434778,16.30434782608695,68.4782608695652,76.08695652173914,92.3913043478261,51.086956521739125,67.39130434782608,35.96837944664031,41.847826086956516,92.3913043478261
2003-07-01,0.10186884445222152,-0.0033444915278090094,0.9557984377000897,-0.00010847879012087998,-0.0018766310080979378,-0.0018883429613731574,4.07,0.08267879706848613,6.064491176470589,1.0167,0.04420156229991036,0.8940056345242668,0.4161623097424798,0.4432321511719824,-2.1403240290009426e-06,51.08695652173913,94.56521739130434,14.130434782608695,81.52173913043478,43.47826086956522,93.47826086956522,57.608695652173914,26.136363636363637,42.934782608695656,47.82608695652174,13.043478260869568,11.956521739130432,66.30434782608697,71.73913043478262,66.30434782608695,53.260869565217384,72.82608695652173,43.626482213438734,40.7608695652174,66.30434782608695
2003-10-01,0.10423050373078632,5.935414994128815e-06,0.9786417964276449,-0.0022989833107024986,-0.0033861989926707524,-0.002200576617698216,3.97,0.0999724647942728,6.064491176470589,0.9967,0.02135820357235506,0.8923864420077572,0.42957290966758893,0.45283282711121664,-1.0352522996590834e-05,48.91304347826087,58.69565217391304,70.65217391304348,50.0,18.478260869565215,84.78260869565217,63.04347826086957,23.863636363636363,42.934782608695656,51.08695652173913,69.56521739130434,14.130434782608692,61.95652173913043,64.13043478260869,22.82608695652174,59.42028985507246,51.086956521739125,45.23221343873518,52.44565217391304,22.82608695652174
2004-01-01,0.10172357602187605,0.0020296545808881333,0.9544827927276324,-0.0014701947464849676,-0.0006498269031899732,-0.00448474370269011,4.32,0.015021122008485932,6.064491176470589,1.0033,0.0455172072723676,0.8925539214777175,0.44632419320130123,0.4338973814268802,5.407463400146053e-06,52.17391304347826,33.69565217391305,13.043478260869565,63.04347826086957,73.91304347826086,54.347826086956516,45.652173913043484,51.13636363636363,42.934782608695656,50.0,11.956521739130432,13.043478260869568,56.52173913043479,73.91304347826086,95.65217391304348,32.971014492753625,63.76811594202898,47.430830039525695,38.85869565217391,95.65217391304348
2004-04-01,0.0991700076959014,-0.001425227979904778,0.9521413851029563,0.0013298788013490792,-0.0013837782872821395,-0.0016221219298898672,4.29,0.0890848572958911,6.064491176470589,1.01,0.0478586148970438,0.9068124522205536,0.45523875992778,0.4464026769593497,1.0284098543033813e-06,57.608695652173914,80.43478260869566,11.956521739130435,91.30434782608695,56.52173913043478,96.73913043478261,46.7391304347826,25.0,42.934782608695656,48.91304347826087,10.869565217391308,7.608695652173914,48.91304347826087,70.65217391304348,80.43478260869566,50.0,81.5217391304348,40.89673913043478,34.51086956521739,80.43478260869566
2004-07-01,0.09829237483769376,-0.001175759642167531,0.9614223129598911,-0.00039082690339599786,-0.0024121914575437092,-0.002172038935557421,4.79,0.0690637137735286,6.064491176470589,1.4333,0.03857768704010888,0.9079980084416056,0.4687586941019304,0.449394381453305,2.4887329923872027e-06,60.86956521739131,76.08695652173914,21.73913043478261,76.08695652173914,33.69565217391305,85.86956521739131,29.34782608695652,29.54545454545454,42.934782608695656,41.30434782608695,20.65217391304348,5.434782608695654,45.652173913043484,66.30434782608697,85.86956521739131,52.89855072463769,65.21739130434783,35.78310276679842,34.5108695652174,85.86956521739131
2004-10-01,0.09281253194433005,-0.0013850570965238773,0.9737875792986629,-0.0039900017582434775,-0.0061349736781559396,-0.0011947758532865728,5.34,0.012659359522234404,6.064491176470589,1.95,0.026212420701337186,0.8989483223899284,0.46673725788014875,0.46783038673525135,-1.0253589344003047e-05,73.91304347826086,79.34782608695652,53.2608695652174,35.869565217391305,4.3478260869565215,97.82608695652173,19.021739130434778,52.27272727272727,42.934782608695656,30.434782608695656,52.17391304347826,9.782608695652172,46.7391304347826,54.347826086956516,23.91304347826087,68.84057971014492,46.01449275362319,36.16600790513834,40.76086956521739,23.91304347826087
2005-01-01,0.09377522241992717,0.00122702456724536,0.9520385931758,-0.004054751934982353,-0.0022170628115175716,-0.006114378336792713,4.4,0.018122871245651373,6.064491176470589,2.47,0.047961406824199956,0.9035662607436302,0.47694601331496994,0.46602448101639177,2.7940016575414097e-06,68.4782608695652,40.21739130434783,10.869565217391305,33.69565217391305,38.04347826086957,26.08695652173913,44.565217391304344,46.59090909090909,42.934782608695656,22.826086956521742,9.782608695652172,8.695652173913048,38.04347826086957,56.52173913043479,86.95652173913044,39.85507246376812,32.608695652173914,39.22924901185771,28.260869565217394,86.95652173913044
2005-04-01,0.08240917846192322,-0.004247305225594652,0.9644104601125456,-0.00018758750827554328,-0.0007462087964819401,-0.003547232630182959,4.51,-0.03597210756503255,6.064491176470589,2.9433,0.03558953988745449,0.8969533267130089,0.4823299851745936,0.46482974629171914,1.4585997876351986e-06,83.69565217391303,95.65217391304348,33.69565217391305,80.43478260869566,69.56521739130434,66.30434782608695,40.7608695652174,71.59090909090908,42.934782608695656,21.739130434782606,32.608695652173914,10.869565217391308,34.78260869565217,57.608695652173914,82.6086956521739,71.01449275362319,72.10144927536231,44.25642292490118,33.96739130434783,82.6086956521739
2005-07-01,0.07874215266579565,-0.0016762983997351524,0.974058166613024,7.442877450243243e-05,-0.0018222518506780627,-0.002609898937544143,3.97,-0.06422651330556062,6.064491176470589,3.46,0.02594183338697594,0.9073853693631315,0.4801149517173856,0.46667946925715165,6.015361503137449e-06,84.78260869565217,83.69565217391303,54.347826086956516,85.86956521739131,44.565217391304344,81.52173913043478,63.04347826086957,86.36363636363636,42.934782608695656,19.565217391304344,53.260869565217384,6.521739130434778,36.95652173913043,55.434782608695656,96.73913043478261,74.27536231884056,70.65217391304348,52.976778656126484,38.04347826086956,96.73913043478261
2005-10-01,0.07364199366161703,-0.0023968362920399893,0.9890365471681002,-0.0022520537097732076,-0.0034864433679356282,-0.002630943769149331,3.1,-0.05425973338041845,6.064491176470589,3.98,0.010963452831899768,0.9135759579766862,0.4721538102571938,0.4751843105145308,-1.0716228827300773e-05,85.86956521739131,90.21739130434783,100.0,53.2608695652174,17.391304347826086,80.43478260869566,89.13043478260869,81.81818181818181,42.934782608695656,17.391304347826086,98.91304347826086,4.347826086956519,41.30434782608695,51.08695652173913,18.478260869565215,92.02898550724638,50.36231884057971,57.81867588932806,48.91304347826086,18.478260869565215
2006-01-01,0.0723063853917111,-0.00013849413982900568,0.9622989545916356,-0.0014278074631618484,0.0007130193797599979,-0.006616833340406635,3.7,-0.05288203513542533,6.064491176470589,4.4567,0.03770104540836437,0.9154332365465437,0.48513674826361697,0.4500345087202409,4.730354859569773e-06,88.04347826086956,60.86956521739131,25.0,64.13043478260869,86.95652173913044,21.73913043478261,71.73913043478262,80.68181818181819,42.934782608695656,16.30434782608695,23.913043478260864,3.2608695652173947,32.608695652173914,65.21739130434783,93.47826086956522,57.971014492753625,57.608695652173914,52.91501976284585,31.25,93.47826086956522
2006-04-01,0.07262032420426423,0.0007257804669625175,0.9728296976130955,-9.002711226404235e-05,-0.0001942103556774416,-0.004934614239030675,3.13,0.017472897877379934,6.064491176470589,4.9067,0.027170302386904557,0.9284435464538885,0.4801569922556763,0.44829124330381653,2.9531511887163403e-06,86.95652173913044,50.0,51.08695652173913,83.69565217391305,78.26086956521739,47.82608695652174,88.04347826086956,47.72727272727273,42.934782608695656,11.956521739130432,50.0,1.0869565217391353,35.86956521739131,67.3913043478261,88.04347826086956,62.68115942028985,69.92753623188406,47.665513833992094,38.58695652173913,88.04347826086956
2006-07-01,0.06518170439962043,-0.006941906832558241,0.9755396457342289,-9.995044012239212e-05,-0.00261361872163671,-0.0016755141521886997,3.54,0.02215647661623743,6.064491176470589,5.2467,0.02446035426577104,0.9314073219706929,0.4846329270171838,0.42157993630830176,4.988560025634618e-06,89.13043478260869,97.82608695652173,58.69565217391305,82.6086956521739,30.434782608695656,95.65217391304348,77.17391304347827,44.31818181818182,42.934782608695656,8.15217391304348,57.608695652173914,0.0,33.69565217391305,84.78260869565217,94.56521739130434,81.8840579710145,69.56521739130436,43.144762845849804,44.02173913043478,94.56521739130434
2006-10-01,0.052063642840694146,-0.012294010038005577,0.9845762813993277,-0.0015342139365681947,-0.003939159848696684,-0.001982256502052914,4.14,0.01663492774728348,6.064491176470589,5.2467,0.015423718600672313,0.9268400457945852,0.5769947044628501,0.5079969168125053,-1.128097825707122e-05,94.56521739130434,98.91304347826086,92.3913043478261,61.95652173913043,14.130434782608695,91.30434782608695,53.260869565217384,48.86363636363637,42.934782608695656,8.15217391304348,91.30434782608697,2.1739130434782594,2.1739130434782594,44.565217391304344,15.217391304347828,95.28985507246375,55.79710144927535,38.30286561264822,35.05434782608696,15.217391304347828
2007-01-01,0.0565583212690191,0.0013625270922101795,0.9333335605768804,-0.00469317816318993,-0.0023976744028832687,-0.007009635488788821,4.1,0.04062936798760908,6.064491176470589,5.2567,0.06666643942311953,0.8074997187861105,0.5937816501614169,0.4476889235764,8.961423613546711e-06,91.30434782608697,38.04347826086957,1.0869565217391304,25.0,34.78260869565217,20.652173913043477,55.97826086956521,38.63636363636363,42.934782608695656,5.434782608695654,0.0,57.608695652173914,0.0,69.56521739130434,98.91304347826086,43.47826086956522,26.81159420289855,35.74604743083004,31.793478260869563,98.91304347826086
2007-04-01,0.052350826303663514,-0.0007975896439371613,0.9497827579112256,-0.0016053063230465209,-0.002136921780694258,-0.004152731109036137,3.97,-0.02575030441945414,6.064491176470589,5.25,0.050217242088774476,0.8084829015866539,0.584650298946258,0.4565670752786846,7.426057750238981e-07,93.47826086956522,69.56521739130434,8.695652173913043,59.78260869565217,39.130434782608695,56.52173913043478,63.04347826086957,65.90909090909092,42.934782608695656,6.521739130434778,7.608695652173914,56.52173913043479,1.0869565217391353,61.95652173913043,78.26086956521739,57.246376811594196,51.811594202898554,44.602272727272734,31.79347826086957,78.26086956521739
2007-07-01,0.051623825871213114,-0.0014611173183534574,0.9702562145641622,-0.0006511089388134816,-0.002225214472950014,-0.001936822110577025,3.99,0.000794368203358431,6.064491176470589,5.0733,0.029743785435837833,0.8109050043848978,0.576714855889061,0.46471035979724246,2.2129490183511737e-06,95.65217391304348,82.6086956521739,43.47826086956522,70.65217391304348,36.95652173913043,92.3913043478261,59.239130434782616,60.22727272727273,42.934782608695656,9.782608695652172,42.391304347826086,54.347826086956516,3.2608695652173947,58.69565217391304,83.69565217391305,73.91304347826086,66.66666666666667,43.045948616600796,39.67391304347826,83.69565217391305
2007-10-01,0.047659132813877986,-0.0019432184460801592,0.9833817783068888,-0.0016772413976175178,-0.002583447183613962,-0.00315643571304653,3.81,-0.0034984298385764,6.064491176470589,4.4967,0.01661822169311118,0.8004440437973874,0.5630493151713482,0.47452726897971514,-1.0582838680869657e-05,96.73913043478261,85.86956521739131,89.13043478260869,58.69565217391305,31.521739130434785,72.82608695652173,70.65217391304348,61.36363636363637,42.934782608695656,15.217391304347828,88.04347826086956,59.78260869565217,7.608695652173914,52.17391304347826,20.652173913043477,90.57971014492755,54.34782608695652,47.54199604743083,51.90217391304348,20.652173913043477
2008-01-01,0.052356286587939706,0.0022993154240919028,0.9395186534785083,-0.0036125248412636982,-0.0015187037667092685,-0.006310200628492197,3.89,-0.01919481603833506,7.5,3.1767,0.06048134652149174,0.8171930572503261,0.5649587739926867,0.4303634627712425,8.197727511729055e-06,92.3913043478261,30.434782608695656,2.1739130434782608,39.130434782608695,51.08695652173913,22.82608695652174,67.3913043478261,63.63636363636363,22.826086956521742,20.65217391304348,1.0869565217391353,47.82608695652174,6.521739130434778,79.34782608695652,97.82608695652173,41.66666666666667,37.68115942028985,43.626482213438734,33.69565217391305,97.82608695652173
2008-04-01,0.045359360110046584,-0.0012718276402089218,0.9489437902780814,-0.0016052672112157247,-0.0007499811919586498,-0.004554512062321088,4.92,-0.04129140168363776,7.5273,2.0867,0.051056209721918565,0.8150600549013892,0.5725604459200817,0.42776074051788865,-1.1651297744282549e-06,97.82608695652173,78.26086956521739,6.521739130434782,60.86956521739131,68.47826086956522,53.2608695652174,26.086956521739136,73.86363636363636,21.739130434782606,29.34782608695652,5.434782608695654,48.91304347826087,4.347826086956519,80.43478260869566,72.82608695652173,60.869565217391305,60.86956521739131,37.759387351778656,34.78260869565217,72.82608695652173
2008-07-01,0.04388657014139135,-0.0009276005254954531,0.9603005577341581,-0.0028690294221881325,-0.005133981613783511,-0.0007162092014831921,5.48,-0.059211006495876295,8.0731,1.94,0.039699442265841954,0.8362614823676253,0.5679304585891922,0.4357702187952125,4.146207557323013e-06,98.91304347826086,72.82608695652173,19.565217391304348,44.565217391304344,7.608695652173914,98.91304347826086,16.30434782608695,85.22727272727273,15.217391304347828,31.521739130434778,18.478260869565222,27.173913043478258,5.434782608695654,72.82608695652173,91.30434782608695,63.76811594202898,50.36231884057971,37.06768774703557,30.97826086956522,91.30434782608695
2008-10-01,0.056908212666703,0.0005583959454450883,0.9776024250428527,-0.006530992077683032,-0.008387335382282585,-0.0021119650369211883,6.18,0.19899562312831165,8.25,0.5067,0.02239757495714727,0.8403876415545003,0.5287070964013563,0.41964531507815767,-1.1352352078064449e-05,90.21739130434783,52.17391304347826,64.13043478260869,15.217391304347828,2.1739130434782608,89.13043478260869,9.239130434782606,7.954545454545459,10.869565217391308,55.434782608695656,63.04347826086957,26.086956521739136,8.695652173913048,86.95652173913044,14.130434782608695,68.84057971014492,35.507246376811594,20.874505928853758,46.19565217391305,14.130434782608695
2009-01-01,0.10092189234187353,0.04041313321676267,0.980591219162703,-0.0017565498740034946,-0.0027579719582754804,-0.004201024348578084,6.18,0.3305789712318752,7.6222,0.1833,0.01940878083729708,0.8318721237741469,0.4688595692150198,0.40043517874807905,-3.149882498081403e-06,55.434782608695656,0.0,78.26086956521739,57.608695652173914,26.08695652173913,55.434782608695656,9.239130434782606,0.0,18.478260869565222,64.13043478260869,77.17391304347827,32.608695652173914,44.565217391304344,97.82608695652173,61.95652173913043,44.56521739130435,46.3768115942029,22.96195652173913,63.04347826086956,61.95652173913043
2009-04-01,0.09204112774397587,-0.00017225153666201816,0.9862248264453592,-0.0002764259888722032,0.0004238102554878991,-0.004712188901378564,5.96,0.27780174273142944,5.6786,0.18,0.013775173554640668,0.8180499149651962,0.47059403819192647,0.4113606107239385,-4.514564312919614e-06,77.17391304347827,64.13043478260869,95.65217391304348,77.17391304347827,84.78260869565217,50.0,11.956521739130432,2.2727272727272707,59.78260869565217,65.21739130434783,94.56521739130434,46.7391304347826,42.391304347826086,93.47826086956522,50.0,78.98550724637681,70.65217391304348,34.80731225296442,69.29347826086956,50.0
2009-07-01,0.09370074867382157,0.004571202247109409,0.9870015390458793,-0.004375116258543029,-0.002950527587316306,-0.0037697136964590706,5.14,0.2858860722667236,4.5435,0.1567,0.012998460954120623,0.8307960665412304,0.4757017049480341,0.4189985602520129,-2.1309188897618333e-06,69.56521739130434,11.956521739130432,96.73913043478261,29.347826086956523,25.0,61.95652173913043,22.826086956521742,1.1363636363636354,64.13043478260869,69.0217391304348,95.65217391304348,33.69565217391305,39.13043478260869,88.04347826086956,67.3913043478261,59.42028985507246,38.768115942028984,39.27865612648222,64.13043478260869,67.3913043478261
2009-10-01,0.09353205659551225,0.005393782205280792,0.9817951983162037,-0.0010540072570566195,-0.00011560499952909805,-0.003030133830882594,3.98,0.004687944297999458,4.5,0.12,0.01820480168379626,0.8086809328546801,0.42102433399254846,0.43374608193624337,-1.1241614545887175e-05,71.73913043478262,9.782608695652172,81.52173913043478,68.47826086956522,80.43478260869566,75.0,60.86956521739131,57.95454545454546,71.73913043478262,77.71739130434783,80.43478260869566,55.434782608695656,64.13043478260869,75.0,16.304347826086957,54.34782608695652,74.6376811594203,67.07015810276681,68.75,16.304347826086957
2010-01-01,0.09260469227268875,0.0011352024474087883,0.9806350944994988,0.00045300143617247804,0.00031094759897177176,-0.0035775437881794088,4.75,-0.1109411183821637,4.5,0.1333,0.019364905500501173,0.8274725388279789,0.4406161053250806,0.4252176770942851,8.473719788984449e-07,76.08695652173914,43.47826086956522,79.34782608695652,88.04347826086956,83.69565217391305,64.13043478260869,33.152173913043484,95.45454545454545,71.73913043478262,75.0,78.26086956521739,36.95652173913043,58.69565217391304,81.5217391304348,79.34782608695652,66.30434782608695,78.62318840579711,68.83646245059289,63.85869565217391,79.34782608695652
2010-04-01,0.08723316104014892,5.621149021151566e-06,0.9804700247983187,0.00044947927906447674,-4.509857288694066e-05,-0.002639703276855924,3.96,-0.058057449793321836,4.5,0.1933,0.01952997520168121,0.8417854789526088,0.3836904674547091,0.4154601731426274,-8.161736052490342e-06,82.6086956521739,59.78260869565217,76.08695652173914,86.95652173913044,81.52173913043478,79.34782608695652,65.21739130434783,84.0909090909091,71.73913043478262,60.86956521739131,75.0,23.913043478260864,86.95652173913044,90.21739130434783,32.608695652173914,72.82608695652173,82.60869565217392,70.47924901185772,69.02173913043478,32.608695652173914
2010-07-01,0.0918368954579166,0.0028785818179175604,0.9830037803562408,1.7528458703510582e-05,-0.002025388031757694,-0.00015054073541272348,3.67,-0.034630989909350096,4.5,0.1867,0.016996219643759237,0.8242675249633528,0.38554915359107095,0.4333969582519081,-5.346401336741265e-06,78.26086956521739,21.739130434782606,86.95652173913044,84.78260869565217,41.30434782608695,100.0,73.91304347826086,70.45454545454545,71.73913043478262,62.5,85.86956521739131,42.391304347826086,85.86956521739131,77.17391304347827,45.65217391304348,62.31884057971015,75.3623188405797,69.65167984189723,72.82608695652175,45.65217391304348
2010-10-01,0.09360105600649546,0.008183692864464746,0.9788178722787698,-0.00401969377917304,-0.0008441722499210425,-0.004994708218320323,4.25,-0.05209934904498559,4.5,0.1867,0.021182127721230123,0.8229932625783316,0.3615349398911048,0.4226783252505935,-1.3250878361717116e-05,70.65217391304348,4.347826086956519,71.73913043478261,34.78260869565217,66.30434782608695,44.565217391304344,47.82608695652174,79.54545454545455,71.73913043478262,62.5,70.65217391304348,43.47826086956522,98.91304347826086,82.6086956521739,9.782608695652174,48.913043478260875,48.55072463768116,65.40266798418972,73.91304347826087,9.782608695652174
2011-01-01,0.09179509428627763,-0.0006004993788757516,0.9772808953685082,-0.0017667874047152406,0.0016627694179960548,-0.005768730243987647,3.46,-0.05571634179155838,4.5,0.1567,0.02271910463149182,0.8186918703850258,0.362697742182542,0.3935824673151253,8.709814925357521e-08,79.34782608695652,67.3913043478261,61.95652173913043,56.52173913043478,93.47826086956522,29.347826086956523,80.43478260869566,82.95454545454545,71.73913043478262,69.0217391304348,60.86956521739131,45.652173913043484,97.82608695652173,98.91304347826086,77.17391304347827,69.56521739130436,59.78260869565218,76.03754940711464,75.81521739130434,77.17391304347827
2011-04-01,0.0873454882173499,0.0003342770024056521,0.9790523668332891,-0.0013451431901205118,0.0010256739821932403,-0.0046235001571716325,3.3,-0.06581713921631094,4.5,0.0933,0.02094763316671091,0.8196761435982345,0.36721786814117213,0.4113960343125015,-8.48949245277757e-06,81.5217391304348,56.52173913043479,72.82608695652173,65.21739130434783,89.13043478260869,51.08695652173913,85.86956521739131,87.5,71.73913043478262,84.78260869565217,71.73913043478262,44.565217391304344,95.65217391304348,92.3913043478261,31.521739130434785,70.28985507246377,68.4782608695652,82.47282608695653,76.08695652173913,31.521739130434785
2011-07-01,0.09085882415461706,0.002322933878731357,0.9708246819401212,-0.003415902436149487,-0.003084813552587056,-0.0016805253719185465,3.37,-0.04034185897536047,4.5,0.0833,0.029175318059878805,0.8271848219604968,0.36826480577063847,0.42198728271426256,-3.4910131430951947e-06,80.43478260869566,29.34782608695652,44.565217391304344,40.21739130434783,20.652173913043477,94.56521739130434,83.69565217391303,72.72727272727273,71.73913043478262,91.84782608695652,43.47826086956522,38.04347826086957,94.56521739130434,83.69565217391303,57.608695652173914,51.449275362318836,51.811594202898554,80.00247035573122,64.94565217391303,57.608695652173914
2011-10-01,0.09725191525086443,0.0028088730738396917,0.9762128908900689,-0.0020428576134644215,-0.000545864626393465,-0.0033351082969468233,3.5,0.10004034861200783,4.5,0.0733,0.023787109109931096,0.8336027596585472,0.3686462102745629,0.4202333379425904,-1.0691589923412523e-05,66.30434782608697,25.0,60.86956521739131,54.347826086956516,76.08695652173914,68.47826086956522,79.34782608695652,22.72727272727273,71.73913043478262,96.19565217391303,59.78260869565217,30.434782608695656,93.47826086956522,85.86956521739131,19.565217391304348,50.72463768115943,66.30434782608695,67.50247035573122,67.3913043478261,19.565217391304348
2012-01-01,0.09777044915604226,0.0037737438956830984,0.9773986756017026,-0.003779515839999584,0.0014641382871149692,-0.007715167744507963,3.88,0.07714482153063673,4.5,0.1033,0.022601324398297342,0.8407567140782978,0.38990515045015883,0.4304239112379956,-3.0767761244076263e-06,64.13043478260869,16.30434782608695,63.04347826086957,38.04347826086957,92.3913043478261,16.304347826086957,68.4782608695652,27.27272727272727,71.73913043478262,81.5217391304348,61.95652173913043,25.0,83.69565217391303,78.26086956521739,63.04347826086957,47.82608695652174,48.913043478260875,62.25296442687747,62.22826086956522,63.04347826086957
2012-04-01,0.10094328600610569,0.0011965361726967926,0.9784422126187853,-0.0008167332021974937,0.0011780350414472274,-0.005049071237781907,3.87,0.1545065475378531,4.5,0.1533,0.021557787381214784,0.8358156161929451,0.38207973950477164,0.44777693406646296,-5.6805961250839025e-06,54.347826086956516,41.30434782608695,68.47826086956522,69.56521739130434,90.21739130434783,42.391304347826086,69.56521739130434,13.636363636363635,71.73913043478262,70.65217391304348,67.3913043478261,28.260869565217394,90.21739130434783,68.4782608695652,43.47826086956522,54.71014492753623,67.3913043478261,56.39822134387353,63.586956521739125,43.47826086956522
2012-07-01,0.09824332071158007,0.00035247881353656524,0.9801978836988533,-0.0025925800014071567,-0.0008976408084024888,-0.0025507621183376173,4.59,0.07227983914296421,4.5,0.1433,0.019802116301146776,0.8347769765324423,0.3886153698875357,0.4542821982577911,-2.0078787038930554e-06,61.95652173913043,55.434782608695656,75.0,46.73913043478261,64.13043478260869,83.69565217391305,36.95652173913043,28.409090909090907,71.73913043478262,72.28260869565217,73.91304347826086,29.34782608695652,84.78260869565217,63.04347826086957,69.56521739130434,64.1304347826087,64.85507246376811,52.34683794466403,62.77173913043478,69.56521739130434
2012-10-01,0.09546533468836851,0.001917643946005398,0.9751475430698503,-0.006653703620147567,-0.0013799365076142254,-0.005873155506563802,4.11,-0.05043391506561912,4.5,0.16,0.02485245693014969,0.8418020139032498,0.3935792811107656,0.46019189210432976,-1.3333261351486864e-05,67.3913043478261,35.86956521739131,56.52173913043478,13.043478260869565,57.608695652173914,27.173913043478258,54.347826086956516,77.27272727272727,71.73913043478262,66.84782608695652,55.434782608695656,22.826086956521742,80.43478260869566,60.86956521739131,8.695652173913043,53.2608695652174,32.608695652173914,67.55187747035573,54.89130434782609,8.695652173913043
2013-01-01,0.09745158399042231,0.0011952202851546936,0.9776792919144197,-0.006405584742403478,-0.0007846994155090137,-0.007453764597367625,3.69,-0.026462309857421817,4.3667,0.1433,0.022320708085580385,0.8513806656181666,0.4027623074759189,0.4617282849858844,2.4465250670580067e-06,65.21739130434783,42.391304347826086,65.21739130434783,17.391304347826086,67.3913043478261,18.478260869565215,72.82608695652173,68.18181818181819,80.43478260869566,72.28260869565217,64.13043478260869,21.739130434782606,75.0,59.78260869565217,84.78260869565217,57.608695652173914,34.42028985507247,73.43132411067194,55.163043478260875,84.78260869565217
2013-04-01,0.09271955735843018,-0.000816127014913985,0.9777070420013874,-0.006856448548831471,-0.0006083912256767494,-0.007827468485520746,4.46,-0.07829772779299804,4.0,0.1167,0.022292957998612636,0.8251934800190524,0.4058466320315533,0.4716548373974632,-6.874225836553468e-06,75.0,71.73913043478262,66.30434782608695,11.956521739130435,75.0,15.217391304347828,42.391304347826086,88.63636363636364,85.86956521739131,79.34782608695652,65.21739130434783,40.21739130434783,70.65217391304348,53.260869565217384,39.130434782608695,71.01449275362319,34.05797101449276,74.06126482213439,57.336956521739125,39.130434782608695
2013-07-01,0.09852171179029581,0.0028333145706589055,0.9756179666840389,-0.0042567951000171645,-0.0006956871441484696,-0.004584905118759885,3.44,-0.019313549092399906,3.9321,0.0833,0.024382033315961164,0.8250213291640126,0.40198551311088987,0.48659616483771845,-6.642671474659956e-06,59.78260869565217,23.913043478260864,59.78260869565217,31.521739130434785,72.82608695652173,52.17391304347826,81.5217391304348,64.77272727272727,86.95652173913044,91.84782608695652,58.69565217391304,41.30434782608695,76.08695652173914,50.0,40.21739130434783,47.82608695652173,52.17391304347826,81.27470355731225,56.52173913043478,40.21739130434783
2013-10-01,0.09969950511779592,0.0035397963481313527,0.9737629606377464,-0.006393259693433425,0.0013676750203652512,-0.009245902063471007,3.65,0.006620725884952217,3.5652,0.0867,0.026237039362253682,0.8304857556649675,0.41748962940729173,0.4988114013253882,-1.0575437104943867e-05,56.52173913043479,18.478260869565222,52.17391304347826,18.478260869565215,91.30434782608695,10.869565217391305,75.0,56.81818181818181,89.13043478260869,90.21739130434783,51.08695652173913,34.78260869565217,65.21739130434783,48.91304347826087,21.73913043478261,42.39130434782609,40.21739130434782,77.79150197628458,50.0,21.73913043478261
2014-01-01,0.10858380260272969,0.006138165593001382,0.9708396971154822,-0.006865709495715349,-0.0009124928124919763,-0.008190015398744303,4.16,0.045397454835575335,3.5,0.0733,0.02916030288451775,0.8280332744398997,0.4043559991440379,0.5034407859334139,-2.841525169997524e-06,44.565217391304344,5.434782608695654,45.65217391304348,10.869565217391305,63.04347826086957,14.130434782608695,51.08695652173913,35.22727272727273,90.21739130434783,96.19565217391303,44.565217391304344,35.86956521739131,71.73913043478262,47.82608695652174,64.13043478260869,31.88405797101449,29.34782608695652,68.18181818181819,50.00000000000001,64.13043478260869
2014-04-01,0.10633639842810623,0.0034197251223668755,0.9741887970558005,-0.005716618920646987,0.0007798752145554589,-0.008522133581778123,3.59,0.041404948083578974,3.3626,0.0933,0.02581120294419937,0.8068275669094646,0.3955507564090142,0.5088836463405886,-1.0181138325066385e-05,46.7391304347826,19.565217391304344,55.434782608695656,20.652173913043477,88.04347826086956,13.043478260869565,76.08695652173914,37.5,92.3913043478261,84.78260869565217,54.347826086956516,58.69565217391304,78.26086956521739,43.47826086956522,25.0,40.57971014492753,40.57971014492753,72.69021739130436,58.69565217391304,25.0
2014-07-01,0.10541752421892397,0.0006059599530987182,0.9725892324889498,-0.0018914421832349824,-0.0011950476106753639,-0.002164784145233514,4.15,0.015281358136510326,3.0,0.09,0.02741076751105014,0.8131831438324407,0.38217522881646826,0.5036589310841347,-9.478551526250344e-06,47.82608695652174,51.08695652173913,47.82608695652174,55.434782608695656,59.78260869565217,86.95652173913044,52.17391304347826,50.0,96.73913043478261,88.04347826086956,46.7391304347826,51.08695652173913,89.13043478260869,46.7391304347826,27.173913043478258,48.913043478260875,67.39130434782608,71.73913043478261,58.42391304347826,27.173913043478258
2014-10-01,0.10828892914816533,0.001990939091816481,0.9675171908458153,-0.003857631958697726,-0.0007461873373090048,-0.005188910559006163,4.18,0.06284775784925456,3.0,0.1,0.03248280915418465,0.8256949137850471,0.398232768858753,0.506840893998537,-7.267121171895992e-06,45.652173913043484,34.78260869565217,39.130434782608695,36.95652173913043,70.65217391304348,39.130434782608695,50.0,32.95454545454546,96.73913043478261,82.6086956521739,38.04347826086957,39.13043478260869,77.17391304347827,45.652173913043484,36.95652173913043,39.85507246376812,48.91304347826087,65.5755928853755,50.0,36.95652173913043
2015-01-01,0.1291290874797339,0.010212276015437212,0.9710813342585561,-0.007843549731308125,-0.00171948988832824,-0.008800165897242968,3.07,0.12884993199335049,3.0,0.11,0.028918665741443837,0.8327741523107188,0.3923227851720902,0.5113395588418882,-5.245326981150451e-06,34.78260869565217,2.1739130434782594,46.73913043478261,8.695652173913043,47.82608695652174,11.956521739130435,90.21739130434783,18.181818181818176,96.73913043478261,80.43478260869566,45.652173913043484,31.521739130434778,81.5217391304348,42.391304347826086,46.73913043478261,27.898550724637676,22.82608695652174,71.39328063241106,50.27173913043479,46.73913043478261
2015-04-01,0.1302936603744803,0.0023721506797735503,0.9670380501229082,-0.006098242918546146,-0.0015920219712373,-0.007670714880456933,2.94,0.17845273264401773,3.0,0.1233,0.03296194987709177,0.811260254414811,0.4029599996309652,0.5258421611495022,-1.3354570863730891e-05,33.69565217391305,28.260869565217394,38.04347826086957,19.565217391304348,48.91304347826087,17.391304347826086,91.84782608695652,12.5,96.73913043478261,76.08695652173914,36.95652173913043,53.260869565217384,72.82608695652173,41.30434782608695,7.608695652173914,33.333333333333336,28.623188405797105,69.29347826086956,51.086956521739125,7.608695652173914
2015-07-01,0.1378421109631728,0.0009887203381034736,0.9727826030002553,-0.006514002774169477,-0.00562200479290223,-0.0030491691804855384,2.61,0.25244184184642116,3.0,0.1367,0.027217396999744743,0.814325003779854,0.40283374832458585,0.5263711740620153,-4.494224867140282e-06,30.434782608695656,45.652173913043484,50.0,16.304347826086957,5.434782608695652,73.91304347826086,96.73913043478261,3.409090909090906,96.73913043478261,73.91304347826086,48.91304347826087,50.0,73.91304347826086,40.21739130434783,51.08695652173913,42.02898550724638,31.88405797101449,67.70009881422925,53.26086956521739,51.08695652173913
2015-10-01,0.13605583532081866,-0.0004382553053620642,0.9805664896322349,-0.005503525009265755,-0.0032283993520001784,-0.005694923497242072,2.27,0.20949829588123148,3.0408,0.16,0.019433510367765146,0.8119228528538711,0.41561290278656027,0.5350005380824617,-9.95652569229817e-06,31.521739130434778,65.21739130434783,77.17391304347827,22.82608695652174,19.565217391304348,30.434782608695656,98.91304347826086,5.681818181818176,93.47826086956522,66.84782608695652,76.08695652173914,52.17391304347826,67.3913043478261,39.13043478260869,26.08695652173913,57.971014492753625,24.275362318840582,66.23023715415019,58.69565217391305,26.08695652173913
2016-01-01,0.16276377803888137,0.0117111519820361,0.97856036131823,-0.00937352161219877,-0.0036756459047090455,-0.009500984636478471,2.69,0.20924815251151352,3.4918,0.36,0.02143963868177006,0.7887921829491601,0.4259216065215811,0.555717299468475,-3.150330589714642e-06,14.130434782608692,1.0869565217391353,69.56521739130434,5.434782608695652,15.217391304347828,9.782608695652174,95.65217391304348,6.818181818181824,91.30434782608697,59.78260869565217,68.4782608695652,63.04347826086957,63.04347826086957,38.04347826086957,60.86956521739131,28.26086956521739,10.144927536231885,63.38932806324111,58.15217391304348,60.86956521739131
2016-04-01,0.1582236747163884,0.003857599586231289,0.982230601962816,-0.00658449244548358,-0.0026859864429955548,-0.007232893260244826,2.56,0.1802911607259432,3.7555,0.3733,0.017769398037184112,0.7854470809005653,0.40826467878731093,0.5635966920924446,-2.6769698276670417e-06,19.565217391304344,14.130434782608692,83.69565217391305,14.130434782608695,28.26086956521739,19.565217391304348,97.82608695652173,11.363636363636365,88.04347826086956,58.69565217391304,82.6086956521739,64.13043478260869,69.56521739130434,35.86956521739131,65.21739130434783,39.130434782608695,20.65217391304348,63.98221343873517,63.04347826086956,65.21739130434783
2016-07-01,0.16407050860846076,0.002674672189486449,0.9813677754130636,-0.004416850121025519,-0.004687622695709432,-0.004020676344267898,2.78,0.14099075240930503,4.2609,0.3967,0.018632224586936367,0.7919290571196763,0.3901280618425988,0.5577559667624165,-6.437119281486955e-06,10.869565217391308,27.173913043478258,80.43478260869566,28.26086956521739,10.869565217391305,57.608695652173914,93.47826086956522,15.909090909090907,81.5217391304348,57.608695652173914,79.34782608695652,61.95652173913043,82.6086956521739,36.95652173913043,41.30434782608695,39.492753623188406,32.2463768115942,62.12944664031621,65.21739130434781,41.30434782608695
2016-10-01,0.16296790323388022,0.0005164951393751656,0.9829091752953266,-0.002453989386433006,-0.0007370143626333733,-0.005823008534827615,3.24,0.18344368093324825,5.087,0.45,0.01709082470467329,0.7966627252936691,0.44633617050893415,0.5813034883144853,-1.1471463641092955e-05,13.043478260869568,53.260869565217384,85.86956521739131,47.82608695652174,71.73913043478261,28.26086956521739,86.95652173913044,10.22727272727273,60.86956521739131,56.52173913043479,84.78260869565217,60.86956521739131,55.434782608695656,34.78260869565217,13.043478260869565,50.724637681159415,49.275362318840585,53.64377470355732,58.96739130434783,13.043478260869565
2017-01-01,0.17385647384753905,0.005131036705737512,0.98234332518199,-0.012361998727735269,-0.00254631554989777,-0.012739060063361732,4.98,0.1267630582556516,6.0389,0.7,0.017656674818009997,0.7799377621171347,0.44039112728196306,0.5938665968759718,1.4097769101272783e-05,4.347826086956519,10.869565217391308,84.78260869565217,3.260869565217391,32.608695652173914,5.434782608695652,25.0,19.318181818181824,56.52173913043479,54.347826086956516,83.69565217391303,65.21739130434783,59.78260869565217,33.69565217391305,100.0,33.333333333333336,13.768115942028984,38.79693675889328,60.59782608695653,100.0
2017-04-01,0.15655639926763867,-0.0008097787762013969,0.9851136429970123,-0.0022535053367987094,-0.0002528507011747538,-0.005274472794513892,6.1,0.027074564290336722,6.6456,0.95,0.014886357002987672,0.7710593766749275,0.4361743775358083,0.6017191571282547,-7.48135768996592e-06,23.913043478260864,70.65217391304348,94.56521739130434,52.17391304347826,77.17391304347827,36.95652173913043,10.869565217391308,40.90909090909091,29.34782608695652,52.17391304347826,93.47826086956522,69.56521739130434,60.86956521739131,30.434782608695656,34.78260869565217,63.04347826086956,55.434782608695656,33.32509881422925,63.58695652173913,34.78260869565217
2017-07-01,0.15396528763997336,0.003295332297540328,0.9872839972662195,-0.004071639239609063,-0.004833650699072151,-0.002712418168267637,6.48,-0.04907212754377932,7.0,1.1533,0.012716002733780568,0.7716931888806985,0.4477185587625698,0.6054452100763493,-3.5067751302803842e-06,25.0,20.65217391304348,98.91304347826086,32.608695652173914,8.695652173913043,77.17391304347827,7.608695652173914,76.13636363636364,27.173913043478258,46.7391304347826,97.82608695652173,68.4782608695652,54.347826086956516,23.913043478260864,56.52173913043478,48.188405797101446,39.492753623188406,39.4145256916996,61.14130434782608,56.52173913043478
2017-10-01,0.15675404679191138,-0.0001607288742770494,0.9832329112305729,-0.00020440721576351684,-0.0014982816477028488,-0.005025360574372835,6.59,-0.04420162640999259,7.0489,1.2033,0.01676708876942714,0.766536138553633,0.4462713982749716,0.6060594240175554,-1.286724249473346e-05,22.826086956521742,63.04347826086957,88.04347826086956,78.26086956521739,52.17391304347826,43.47826086956522,6.521739130434778,75.0,26.086956521739136,45.652173913043484,86.95652173913044,72.82608695652173,57.608695652173914,22.826086956521742,10.869565217391305,57.971014492753625,57.971014492753625,38.31521739130435,60.05434782608696,10.869565217391305
2018-01-01,0.16387130892105595,0.0056832212734663715,0.9835232415923273,-0.009787814803869073,-0.0014281477084758937,-0.011742207097710573,5.31,-0.07887910705863854,7.3944,1.4467,0.016476758407672803,0.7684655879917042,0.4689990811746656,0.6110269424457715,-3.965968029694414e-06,11.956521739130432,7.608695652173914,91.30434782608695,4.3478260869565215,53.2608695652174,6.521739130434782,20.65217391304348,89.77272727272727,23.913043478260864,39.13043478260869,90.21739130434783,70.65217391304348,43.47826086956522,18.478260869565222,54.347826086956516,36.95652173913043,21.376811594202902,43.36709486166008,55.70652173913044,54.347826086956516
2018-04-01,0.16152162424875907,0.0007686031208185725,0.9848031139405583,-0.003124298411558008,-0.0022375862930662897,-0.005548137256638906,4.57,0.04503694289468596,7.5275,1.7367,0.015196886059441621,0.7481789719416833,0.45618804107954414,0.6187385087641648,-4.75596528606e-06,15.217391304347828,47.82608695652174,93.47826086956522,43.47826086956522,35.869565217391305,32.608695652173914,38.58695652173913,36.36363636363637,20.65217391304348,35.86956521739131,92.3913043478261,92.3913043478261,47.82608695652174,10.869565217391308,48.91304347826087,52.17391304347826,37.31884057971015,32.86808300395258,60.86956521739131,48.91304347826087
2018-07-01,0.1578428472671008,0.0008992154135147261,0.9781771495564671,-0.004542213417903931,-0.004539042592890337,-0.00401008720060538,4.91,0.06477351153904443,7.75,1.9233,0.021822850443532923,0.7515194879972094,0.4512025338022757,0.6164691702784735,-4.298287260202846e-06,21.739130434782606,46.7391304347826,67.3913043478261,26.08695652173913,11.956521739130435,58.69565217391305,27.173913043478258,31.818181818181824,17.391304347826086,32.608695652173914,66.30434782608697,90.21739130434783,52.17391304347826,13.043478260869568,52.17391304347826,45.28985507246377,32.2463768115942,27.248023715415016,55.434782608695656,52.17391304347826
2018-10-01,0.1597962628343618,0.0007630693575945073,0.9794880588746625,-0.003266790452122701,-0.002697019756017849,-0.00477143199126796,4.82,0.04722219290004537,7.9103,2.22,0.02051194112533746,0.7541057733600256,0.45421365392686164,0.6195571725629723,-7.32170857672858e-06,17.391304347826086,48.91304347826087,73.91304347826086,42.391304347826086,27.173913043478258,48.91304347826087,28.260869565217394,34.09090909090909,16.30434782608695,26.086956521739136,72.82608695652173,89.13043478260869,51.08695652173913,9.782608695652172,35.869565217391305,46.7391304347826,39.492753623188406,26.185770750988144,55.70652173913044,35.869565217391305
2019-01-01,0.16144961070198952,0.003599647256578418,0.9618383996044576,-0.009012236042249041,-0.0014209400618060255,-0.012745795775493037,4.1,0.024517856380936065,8.25,2.4033,0.038161600395542394,0.7671913097009679,0.45471582430155894,0.6041663030882626,-9.974476987541316e-07,16.30434782608695,17.391304347826086,23.91304347826087,6.521739130434782,54.347826086956516,4.3478260869565215,55.97826086956521,42.04545454545454,10.869565217391308,23.913043478260864,22.826086956521742,71.73913043478262,50.0,26.086956521739136,73.91304347826086,19.202898550724637,21.739130434782606,33.201581027667984,42.663043478260875,73.91304347826086
2019-04-01,0.15947687420328224,0.0012735379533065523,0.9602568156772556,0.003864649315722521,0.0037928768077056647,-0.006222374448692128,4.21,-0.014166086934116584,8.25,2.3967,0.03974318432274448,0.7567672847491734,0.4484427329528742,0.5983009193167618,-3.8119778602006484e-06,18.478260869565222,39.13043478260869,18.478260869565215,94.56521739130434,97.82608695652173,23.91304347826087,48.91304347826087,62.5,10.869565217391308,25.0,17.391304347826086,88.04347826086956,53.260869565217384,32.608695652173914,55.434782608695656,25.362318840579707,72.10144927536231,36.82065217391305,47.826086956521735,55.434782608695656
2019-07-01,0.15795562579480033,-0.0018501939014367945,0.9870647179384455,-0.00019600262346635732,-0.000847910595493849,-0.003803538794598735,3.31,0.02411403578109761,8.1087,2.19,0.012935282061554471,0.7282569663451086,0.473905983923801,0.6035230268822191,-1.6004817277375781e-06,20.65217391304348,84.78260869565217,97.82608695652173,79.34782608695652,65.21739130434783,60.86956521739131,84.78260869565217,43.18181818181818,14.130434782608692,27.717391304347828,96.73913043478261,97.82608695652173,40.21739130434783,27.173913043478258,70.65217391304348,67.7536231884058,68.47826086956522,42.45306324110672,65.48913043478261,70.65217391304348
2019-10-01,0.1533232072837853,-0.0011003862606945459,0.9818530292748394,0.0021279986715457594,0.0023356839945971285,-0.005536218573055669,2.94,-0.028899316073039527,7.5842,1.6433,0.018146970725160652,0.7187429617220276,0.48727823884065585,0.6257640537776744,-9.073114133959529e-06,26.086956521739136,75.0,82.6086956521739,93.47826086956522,95.65217391304348,33.69565217391305,91.84782608695652,69.31818181818181,19.565217391304344,38.04347826086957,81.5217391304348,98.91304347826086,31.521739130434778,5.434782608695654,29.347826086956523,61.23188405797102,74.27536231884058,54.693675889328055,54.34782608695652,29.347826086956523
2020-01-01,0.16558333237550182,0.00560874455346094,0.98347955488572,-0.005535622867188726,0.0027690469305959283,-0.015110980290421277,3.39,0.037731723696334596,7.0534,1.26,0.016520445114279997,0.7323130857001359,0.49938920844767803,0.6341847036035277,1.0633167763933887e-06,7.608695652173914,8.695652173913048,90.21739130434783,21.73913043478261,96.73913043478261,3.260869565217391,82.6086956521739,39.77272727272727,25.0,42.391304347826086,89.13043478260869,96.73913043478261,23.913043478260864,1.0869565217391353,81.52173913043478,35.507246376811594,40.57971014492754,47.44318181818182,52.71739130434783,81.52173913043478
2020-04-01,0.24603156952953875,0.008812223761115557,0.975305669188637,-0.00039826006793007064,-0.0013070296655634745,-0.006165288140187986,2.77,0.21988855550792952,5.8132,0.06,0.024694330811363005,0.7376398370980467,0.494586941005737,0.6293480018184999,-1.5394180751664323e-05,0.0,3.2608695652173947,57.608695652173914,75.0,58.69565217391305,25.0,94.56521739130434,4.545454545454541,57.608695652173914,98.91304347826086,56.52173913043479,94.56521739130434,28.260869565217394,4.347826086956519,3.260869565217391,20.28985507246377,52.89855072463769,63.90810276679842,45.923913043478265,3.260869565217391
2020-07-01,0.20441975485937758,0.0026811606715835662,0.9610675328924057,0.0154243741528676,0.014768008398440445,-0.005460503046152297,3.9,0.13773727623095477,4.7253,0.0933,0.03893246710759435,0.7324348380707282,0.491055247332032,0.61647475540759,-6.263143424735502e-07,1.0869565217391353,26.086956521739136,20.652173913043477,100.0,100.0,35.869565217391305,66.30434782608697,17.04545454545454,63.04347826086957,84.78260869565217,19.565217391304344,95.65217391304348,29.34782608695652,11.956521739130432,76.08695652173914,15.94202898550725,78.62318840579711,57.79397233201581,39.130434782608695,76.08695652173914
2020-10-01,0.17732494854323744,-0.0028989817479681923,0.9727371421059645,0.013741079421288703,0.012359602497410397,-0.004971083187223982,3.52,0.06787454782306335,4.25,0.09,0.02726285789403556,0.7455678238093152,0.5064352224282878,0.6143254325999906,-1.4179628155230065e-05,3.2608695652173947,93.47826086956522,48.91304347826087,98.91304347826086,98.91304347826086,45.65217391304348,78.26086956521739,30.681818181818176,82.6086956521739,88.04347826086956,47.82608695652174,93.47826086956522,19.565217391304344,14.130434782608692,4.3478260869565215,48.55072463768116,81.15942028985506,69.89871541501975,43.75,4.3478260869565215
2021-01-01,0.18135968239689854,0.005991042744394179,0.9635725377596418,-0.00737733716182872,-0.00112744482114549,-0.011710653058263413,3.99,0.019288555791332485,4.1167,0.08,0.03642746224035812,0.7601875834658673,0.5080406467012846,0.610630856606783,-3.2356935406139965e-06,2.1739130434782594,6.521739130434778,31.521739130434785,9.782608695652174,60.86956521739131,7.608695652173914,59.239130434782616,45.45454545454546,83.69565217391303,94.02173913043478,30.434782608695656,81.5217391304348,17.391304347826086,19.565217391304344,58.69565217391305,13.405797101449274,26.086956521739136,70.60276679841897,37.22826086956522,58.69565217391305
2021-04-01,0.17040862074753446,-0.00222700682317912,0.9661107143172059,0.004593055104396842,0.0021115233010051207,-0.005226595124893528,5.95,-0.14250638465625687,4.0167,0.07,0.03388928568279413,0.7581845356188662,0.5067883346687976,0.6116337600333035,-5.5624453925711296e-06,5.434782608695654,89.13043478260869,35.869565217391305,96.73913043478261,94.56521739130434,38.04347826086957,13.043478260869568,97.72727272727273,84.78260869565217,97.82608695652173,34.78260869565217,84.78260869565217,18.478260869565222,17.391304347826086,44.565217391304344,43.47826086956522,76.44927536231883,73.34486166007905,38.858695652173914,44.565217391304344
2021-07-01,0.16997318944905443,0.00014708535411085146,0.9633908400082153,-0.0026638908983438675,-0.007554337585918232,-0.003641282802100361,5.8,-0.09450090226992125,4.3832,0.09,0.03660915999178476,0.7637211315783883,0.5120493071574319,0.6131411493180663,-4.915756583825188e-06,6.521739130434778,57.608695652173914,30.434782608695656,45.65217391304348,3.260869565217391,63.04347826086957,14.130434782608692,93.18181818181819,79.34782608695652,88.04347826086956,29.34782608695652,77.17391304347827,11.956521739130432,16.30434782608695,47.82608695652174,31.52173913043478,37.31884057971015,68.67588932806323,33.69565217391304,47.82608695652174
2021-10-01,0.1651404387112654,-0.0025180685028299747,0.9623845511764839,0.001626130834943065,-0.0015468031419730729,-0.005481459694433387,6.99,0.008519758744538475,4.9674,0.08,0.03761544882351614,0.7573266857671397,0.5099063091169799,0.6090334121999862,-1.4020973395165173e-05,9.782608695652172,91.30434782608697,26.08695652173913,92.3913043478261,50.0,34.78260869565217,5.434782608695654,55.68181818181819,61.95652173913043,94.02173913043478,25.0,86.95652173913044,15.217391304347828,20.65217391304348,6.521739130434782,42.391304347826086,59.05797101449275,54.273715415019765,36.95652173913044,6.521739130434782
2022-01-01,0.16557734931754556,0.0038390147772276906,0.9632632425050491,-0.008496565249758803,-0.003542509572538837,-0.011504893412269129,7.27,0.00941994035022109,5.8111,0.12,0.036736757494950784,0.7617284049085734,0.4994546200872801,0.6086177621412404,-2.0922902609822585e-06,8.695652173913048,15.217391304347828,29.347826086956523,7.608695652173914,16.304347826086957,8.695652173913043,4.347826086956519,54.54545454545454,58.69565217391304,77.71739130434783,28.260869565217394,79.34782608695652,22.826086956521742,21.739130434782606,68.47826086956522,17.7536231884058,10.869565217391305,48.826581027667984,38.04347826086956,68.47826086956522
2022-04-01,0.1498274399525731,-0.0014318820633953061,0.9615815911639478,-0.0012527095466247414,-0.005502010528675061,-0.003572258252813435,7.77,0.0019188966344352298,6.8306,0.77,0.03841840883605221,0.7749923067727218,0.49530542951538975,0.6031022172101317,-3.986611601042076e-06,27.173913043478258,81.5217391304348,22.82608695652174,66.30434782608695,6.521739130434782,65.21739130434783,2.1739130434782594,59.09090909090908,28.260869565217394,53.260869565217384,21.739130434782606,67.3913043478261,27.173913043478258,28.260869565217394,53.2608695652174,43.84057971014494,46.01449275362319,35.69664031620553,36.14130434782609,53.2608695652174
2022-07-01,0.14788046997375773,0.0003870630564727816,0.9624711284504079,-0.004330102275719088,-0.008975972509844245,-0.0033188763866792217,8.52,0.011312895202133744,8.1621,2.19,0.03752887154959204,0.7769876257422271,0.4965819962077487,0.602881059238766,-5.799545412041861e-06,28.260869565217394,54.347826086956516,27.173913043478258,30.434782608695656,1.0869565217391304,70.65217391304348,0.0,53.40909090909092,13.043478260869568,27.717391304347828,26.086956521739136,66.30434782608697,26.086956521739136,29.34782608695652,42.391304347826086,36.59420289855072,34.05797101449276,23.542490118577078,36.956521739130444,42.391304347826086
2022-10-01,0.13845579800091373,-0.002191530454419997,0.9597035770146558,0.0005472372577283598,-0.0014075515509769509,-0.005097281329213788,8.01,-0.05140475157823721,9.7527,3.6533,0.04029642298534415,0.7587771449855749,0.49040463681794266,0.5989638853696175,-1.945992367500897e-05,29.34782608695652,88.04347826086956,15.217391304347828,89.13043478260869,55.434782608695656,40.21739130434783,1.0869565217391353,78.4090909090909,8.695652173913048,18.478260869565222,14.130434782608692,83.69565217391303,30.434782608695656,31.521739130434778,1.0869565217391304,44.20289855072463,61.594202898550726,26.667490118577078,39.94565217391304,1.0869565217391304
2023-01-01,0.13591815922247305,0.0020356066987281566,0.9599961793420448,-0.012729422779855958,-0.0030738684336949766,-0.015456912009043616,7.46,-0.08941979522184318,10.7806,4.5167,0.040003820657955144,0.7652773378664599,0.49737871379827153,0.6053721271436081,-3.234104311860781e-06,32.608695652173914,32.608695652173914,17.391304347826086,2.1739130434782608,21.73913043478261,2.1739130434782608,3.2608695652173947,90.9090909090909,6.521739130434778,14.130434782608692,16.30434782608695,76.08695652173914,25.0,25.0,59.78260869565217,27.53623188405797,8.695652173913045,28.70553359683794,35.59782608695652,59.78260869565217
2023-04-01,0.12326162789609733,-0.0005376847434348645,0.9597810311672291,0.0009727713397041875,-0.0011202566575881576,-0.0038813448575569028,5.71,-0.11710781599908238,11.25,4.99,0.04021896883277094,0.7597179891876202,0.5007291463355295,0.6138399972581252,-9.349836607107772e-06,38.04347826086957,66.30434782608697,16.304347826086957,90.21739130434783,61.95652173913043,59.78260869565217,15.217391304347828,96.5909090909091,1.0869565217391353,10.869565217391308,15.217391304347828,82.6086956521739,21.739130434782606,15.217391304347828,28.26086956521739,40.21739130434783,70.65217391304348,30.941205533596843,33.69565217391305,28.26086956521739
2023-07-01,0.11407057357559296,-0.002016437301591967,0.9638555504245756,-0.0005591244122810842,-0.0029765059118841,-0.0033301866934281714,4.63,-0.15749781458817946,11.25,5.26,0.03614444957542432,0.7653711820012246,0.5026646420459354,0.621003943919412,-7.77419999314576e-06,40.21739130434783,86.95652173913044,32.608695652173914,72.82608695652173,23.91304347826087,69.56521739130434,35.86956521739131,98.86363636363636,1.0869565217391353,4.347826086956519,31.521739130434778,75.0,20.65217391304348,8.695652173913048,33.69565217391305,53.2608695652174,55.43478260869565,35.041996047430835,33.96739130434783,33.69565217391305
2023-10-01,0.1131097246463787,-0.0011907377206299566,0.9627758733063143,0.003947180099907581,0.00014875064684849142,-0.002747984523238032,4.41,-0.10802517742566409,11.25,5.33,0.037224126693685675,0.7581440561430131,0.5102336757212861,0.6214986995588571,-1.223074167742655e-05,41.30434782608695,77.17391304347827,28.26086956521739,95.65217391304348,82.6086956521739,76.08695652173914,43.47826086956522,94.31818181818183,1.0869565217391353,1.0869565217391353,27.173913043478258,85.86956521739131,13.043478260869568,7.608695652173914,11.956521739130435,48.913043478260875,84.78260869565217,34.99258893280633,33.42391304347826,11.956521739130435
2024-01-01,0.11730115877211164,0.004319830646886222,0.9661606200650998,-0.012986053163735809,-0.002651449578190558,-0.017188032043296116,4.57,-0.08988005997001502,11.2225,5.33,0.033839379934900195,0.7658658828626801,0.5095097540080754,0.6238098686829594,-1.4079269727846498e-05,39.13043478260869,13.043478260869568,36.95652173913043,1.0869565217391304,29.347826086956523,1.0869565217391304,38.58695652173913,92.04545454545455,3.2608695652173947,1.0869565217391353,35.86956521739131,73.91304347826086,16.30434782608695,6.521739130434778,5.434782608695652,29.71014492753623,10.507246376811594,33.745059288537554,33.15217391304348,5.434782608695652
2024-04-01,0.1111719593426709,-0.0010901471070441599,0.9698643622340187,-0.00046256114944281636,-0.003011961644110301,-0.005076471461877635,4.77,-0.02575994667239112,11.0,5.33,0.03013563776598125,0.7615823584150117,0.5188571562417481,0.6326959424272015,-7.182802868178889e-06,42.391304347826086,73.91304347826086,41.30434782608695,73.91304347826086,22.82608695652174,41.30434782608695,30.978260869565222,67.04545454545455,4.347826086956519,1.0869565217391353,40.21739130434783,80.43478260869566,10.869565217391308,2.1739130434782594,38.04347826086957,52.53623188405796,46.01449275362319,25.864624505928855,33.42391304347826,38.04347826086957
2024-07-01,0.12372226312214543,0.002060711950342001,0.9698876744449907,-0.0011400890588307245,-0.004706239067986939,-0.0034891868063335854,5.04,0.11050536670008015,10.8462,5.2633,0.030112325555009267,0.7514359383933598,0.5100011070037431,0.6302629403229131,-8.533760674075921e-06,36.95652173913043,31.521739130434778,42.391304347826086,67.3913043478261,9.782608695652174,67.3913043478261,23.913043478260864,20.45454545454546,5.434782608695654,3.2608695652173947,41.30434782608695,91.30434782608697,14.130434782608692,3.2608695652173947,30.434782608695656,36.95652173913043,48.18840579710146,13.265810276679845,37.50000000000001,30.434782608695656
2024-10-01,0.12556765476030438,-0.00014099151275518234,0.9675296768122761,0.006147594634479667,0.0005264906194055007,-0.0025726292501241934,4.51,0.14407189925902286,10.3379,4.65,0.032470323187723936,0.7631962288733669,0.5213762708867579,0.635672941447287,-1.9138520419118148e-05,35.86956521739131,61.95652173913043,40.21739130434783,97.82608695652173,85.86956521739131,82.6086956521739,40.7608695652174,14.77272727272727,7.608695652173914,13.043478260869568,39.13043478260869,78.26086956521739,9.782608695652172,0.0,2.1739130434782608,46.01449275362319,88.768115942029,19.04644268774704,31.793478260869563,2.1739130434782608
